1,Abilene Christian,31,20,11,0.645,-2.87,-6.87,15,5,13,3,7,8,65.3,21.5,49.8,0.432,4.97,16.7,0.298,17.2,23.5,8.74,33.4,9.58,6.81,3.68,19.9,19.9,,
2,Air Force,32,12,20,0.375,-0.37,3.02,5,13,8,7,3,9,74.6,26.2,56.5,0.464,10.3,27.6,0.375,11.8,16.6,7.25,32.5,14.4,6.25,2.75,11.4,18.9,,
3,Akron,31,24,7,0.774,7.15,-0.4,14,4,15,2,8,4,66.5,24.3,60.8,0.4,6.23,20.5,0.303,11.6,17.4,11.5,36.7,10.3,6.03,2.74,13.2,19.9,,
4,Alabama A&M,30,8,22,0.267,-18.88,-8.85,5,13,6,5,2,16,71.5,25.9,56.8,0.456,6.43,19.8,0.324,13.2,20,9.17,38.2,13.3,6.6,4.37,12.7,17.7,,
5,Alabama-Birmingham,32,19,13,0.594,-0.94,-1.64,9,9,11,6,5,7,65.3,23.4,56.4,0.415,7.72,23.1,0.335,10.8,15,8.59,30.7,11,6.78,3.19,12.3,17.3,,
6,Alabama State,32,8,24,0.25,-16.15,-6.53,7,11,4,5,2,16,71,25.4,55.7,0.456,6.31,19.2,0.33,14,21.3,9.66,36.3,12.8,7.44,3.59,14.3,19.5,,
7,Alabama,31,16,15,0.516,11.12,8.12,8,10,10,5,4,8,79,27.4,64.6,0.425,7,22.4,0.312,17.2,23.2,12.3,39.8,11.9,8.48,4,14,20.3,,
8,Albany (NY),32,14,18,0.438,-8.78,-5.91,7,9,7,7,5,11,68.4,24.6,58.6,0.42,7.84,22.9,0.343,11.3,16.3,8.97,34.5,13.4,7.69,3.41,12.8,17.9,,
9,Alcorn State,30,15,15,0.5,-14.64,-9.64,11,7,11,2,4,13,73.2,26.5,59,0.449,6.67,20.2,0.33,13.5,21.1,9.87,35.3,14,7.4,2.97,13.8,17,,
10,American,30,16,14,0.533,-4.37,-6.5,12,6,10,4,6,10,69.5,24.8,55.6,0.447,5.6,17.5,0.319,14.2,20.4,9.87,34.6,11.9,5.97,3.2,13.7,15.7,,
11,Appalachian State,33,18,15,0.545,-0.81,-0.01,11,9,10,5,7,9,67.3,24.6,57.2,0.431,7.3,22.6,0.323,10.8,15,9.76,35.3,13.5,6.82,2.61,14.4,19.5,,
12,Arizona State,31,20,11,0.645,11.46,8.1,11,7,13,3,6,5,70.5,24.8,57.9,0.428,7.32,22.1,0.331,13.5,19.8,10.3,38.1,12.5,6.55,3.84,16.4,18.4,,
13,Arizona,32,21,11,0.656,19.49,8.4,10,8,13,4,4,6,65.3,22.1,56.2,0.394,6.59,21.2,0.312,14.5,19.8,9.25,33.8,11.3,4.84,3.09,14.5,19.2,,
14,Little Rock,31,21,10,0.677,2.27,-1.07,15,5,13,2,8,8,69.4,24.2,57.1,0.424,7.68,22.2,0.346,13.4,19.2,10,32.3,12.2,6.77,3.19,13.9,21,,
15,Arkansas-Pine Bluff,30,4,26,0.133,-21.65,-6.41,3,15,2,8,2,18,68.3,22.7,52.6,0.432,6.07,19.6,0.309,16.8,24.8,9.7,32.7,12.9,9.63,2.53,14.2,17.4,,
16,Arkansas State,32,16,16,0.5,-2.92,-0.72,8,12,10,7,6,9,71.9,24.6,53.9,0.456,6.5,18.9,0.344,16.2,22.4,9.38,33.8,13.7,6.03,2.09,14,20.9,,
17,Arkansas,32,20,12,0.625,13.46,7.27,7,11,14,4,4,8,69.6,24.2,56.5,0.428,5.13,18.8,0.272,16.2,23.1,11,38.3,10.1,5,2.97,16,21.5,,
18,Army,30,15,15,0.5,-9.1,-6.68,10,8,9,6,6,9,72,26.7,60.7,0.44,8.9,25.3,0.352,9.73,14.5,9.03,35.8,13.7,6.3,3.37,11.9,14.7,,
19,Auburn,31,25,6,0.806,15.04,7.39,12,6,16,1,5,5,70.4,24.5,59.4,0.413,7,21.5,0.325,14.4,20.1,10.3,35.2,11.2,6.68,3.13,13.5,21.2,,
20,Austin Peay,33,21,12,0.636,-0.98,-4.14,14,4,14,0,5,10,71.5,26.1,55.8,0.468,6.85,19,0.361,12.5,18,9.18,33.1,13.6,6.09,2.42,14.9,19.5,,
21,Ball State,31,18,13,0.581,4.12,-1.65,11,7,11,4,5,7,62.5,22.8,57,0.401,5.87,19.1,0.307,11,16,8.87,34.7,9.84,6.35,2.65,13.6,16.4,,
22,Baylor,30,26,4,0.867,20.13,9.13,15,3,14,1,8,2,60.1,21.4,53.9,0.397,5.87,18.9,0.311,11.4,16.6,10.2,33.4,11.3,5.8,4.87,15.2,18.3,,
23,Belmont,33,26,7,0.788,4.3,-6.23,15,3,13,1,11,5,67.9,25.6,61.6,0.416,7.03,21.3,0.33,9.61,15,10.2,36.7,12.1,5.79,2.94,14.3,14.5,,
24,Bethune-Cookman,30,16,14,0.533,-10.16,-8.98,10,6,10,1,4,13,72.2,25.6,60.4,0.424,5.77,20.9,0.276,15.3,23.4,11.6,38.4,12.8,7.17,3.03,15.7,19.4,,
25,Binghamton,29,10,19,0.345,-15.03,-4.62,4,12,7,7,3,12,76.6,28.4,62.4,0.455,8,23.9,0.335,11.8,18.1,11.4,39.2,14.5,6.31,2.86,9.9,14.8,,
26,Boise State,32,20,12,0.625,8.59,4.39,11,7,13,2,4,8,69.5,25.4,56.8,0.447,6.63,22.2,0.299,12,16.7,7.34,32.8,11.4,6,2.31,13.8,20,,
27,Boston College,32,13,19,0.406,1.82,7.86,7,13,8,10,4,8,70.6,25.6,57.7,0.443,7.16,21.4,0.334,12.3,17.3,10.5,38.1,13.4,6.81,3.19,14.5,16.8,,
28,Boston University,34,21,13,0.618,-1.87,-5.3,12,6,12,3,9,8,66.7,25,57.2,0.437,6.62,20.3,0.326,10.1,15.1,8.47,33.2,11.4,6.44,2.71,11.6,16,,
29,Bowling Green State,31,21,10,0.677,0.47,0.2,12,6,13,2,5,5,72.9,25.7,61.2,0.42,7.71,23.4,0.329,13.7,20,10.1,38.2,10.3,5.71,3.1,11.8,17.1,,
30,Bradley,34,23,11,0.676,5.33,0.33,11,7,15,2,4,8,65.9,22.5,57,0.395,7.79,24.7,0.316,13.1,17.4,9.35,33.5,11.8,5.76,2.91,12.1,17.4,,
31,Brigham Young,32,24,8,0.75,16.93,6.45,13,3,14,1,6,5,68.4,25.6,58.4,0.438,6.03,19.6,0.308,11.2,16.1,8.31,33.6,11.9,6.25,2.41,12.9,15.8,,
32,Brown,27,15,12,0.556,-4.45,-1.72,8,6,10,4,5,8,68.7,24.9,57.8,0.43,6.93,21,0.329,12,16.7,9.33,35.1,12,7.81,4.07,14,19.4,,
33,Bryant,32,15,17,0.469,-6.7,-6.67,7,11,9,5,6,12,69.5,25.1,60.7,0.413,6.84,22.1,0.31,12.4,18.3,10.9,37.2,12.6,6.56,3.44,12.1,16.8,,
34,Bucknell,34,14,20,0.412,-7.73,-4.32,8,10,9,4,4,14,71,25.3,54.9,0.461,5.91,18.2,0.324,14.5,21,8.62,35.2,12.5,6.88,3.15,13.9,16.1,,
35,Buffalo,32,20,12,0.625,1.8,0.06,11,7,10,7,7,4,75.8,27.5,63.2,0.435,6.84,21.7,0.316,13.9,19,11.1,38,12.9,6.69,3.78,14.5,17.8,,
36,Butler,31,22,9,0.71,15.56,9.14,10,8,14,3,5,6,62.1,21.6,54.6,0.395,6.84,20.7,0.33,12.1,16.9,8.77,30.5,11.3,5.61,3.1,11.6,16.5,,
37,Cal Poly,30,7,23,0.233,-10,-0.42,4,12,7,6,0,15,74.9,25.2,55.6,0.453,7.4,19.9,0.371,17.1,23.7,9.63,36.8,13.8,6.5,3.17,13.4,18.3,,
38,Cal State Bakersfield,31,12,19,0.387,-7.11,-3.26,6,10,9,7,3,12,67.6,21.5,50.5,0.426,7.45,20.6,0.361,17.2,23.9,8.13,30.9,11.3,5.13,2.84,13.4,17.1,,
39,Cal State Fullerton,31,11,20,0.355,-6.79,-1.38,6,10,6,8,4,11,71.4,25.3,57.4,0.44,6.19,18.5,0.334,14.7,20.2,9,36.4,12.3,6.1,3.29,13,19,,
40,Cal State Northridge,32,15,17,0.469,-6.37,-0.97,10,6,10,4,5,12,79,28.4,61.3,0.463,9.53,24.9,0.383,12.7,17.8,11,37.2,15.3,5.06,3.16,12.7,18.2,,
41,California Baptist,31,21,10,0.677,-1.99,-6.66,10,6,15,5,6,5,70,25.6,61.3,0.418,6.1,20.2,0.302,12.7,18.6,9.55,33.8,12.4,6.1,3.39,10.8,19.5,,
42,UC-Davis,32,14,18,0.438,-4.7,-2.63,8,8,8,4,5,12,71.4,25.3,54.8,0.461,7.19,21.1,0.34,13.8,19.1,8.88,32.8,14.7,6.13,2.81,13.9,17.6,,
43,UC-Irvine,32,21,11,0.656,3.73,-2.18,13,3,11,2,8,8,65.2,22.1,57.1,0.388,6.91,19.7,0.35,14.1,20,9.19,30.2,10.7,5.47,2.66,11.7,16.3,,
44,UC-Riverside,32,17,15,0.531,-3.63,-4.18,7,9,11,5,6,10,60.6,21.6,53.5,0.404,6.19,17.6,0.352,11.2,16.3,7.28,30.3,10.7,5.56,2.66,10.8,15.7,,
45,UC-Santa Barbara,31,21,10,0.677,-0.57,-4.06,10,6,13,3,8,7,66.3,24.2,54,0.449,6.71,19.3,0.348,11.1,15.6,7.97,29.6,11.5,4.55,2.45,12.1,19,,
46,University of California,32,14,18,0.438,3.2,9.05,7,11,12,5,1,10,69.1,23.4,54.4,0.43,7.5,20.7,0.363,14.8,20.1,8.72,33.2,12.1,4.91,3.59,11.5,17.8,,
47,Campbell,31,15,16,0.484,-8.51,-8.1,6,12,8,5,6,10,66.6,23.3,52.9,0.44,5.48,17.8,0.309,14.5,20.7,9.16,33.7,10.1,6.45,2.1,13.8,14.9,,
48,Canisius,32,12,20,0.375,-7.6,-5.44,7,13,7,6,4,12,70.8,25,55.1,0.455,6.88,19.8,0.348,13.8,19.6,9.66,34.9,11.8,6.75,2.81,15.3,17.7,,
49,Central Arkansas,31,10,21,0.323,-11.26,-2.7,9,11,8,4,2,16,82.4,28.8,64.2,0.448,8.87,23.9,0.372,15.9,22.3,11,37.8,15.5,9.39,3.19,13.9,21.2,,
50,Central Connecticut State,31,4,27,0.129,-20.33,-4.63,3,15,4,9,0,16,77.3,27.5,59.8,0.46,8.71,23.7,0.368,13.6,19.6,11.5,39.4,15.3,7.29,4.23,13,16.2,,
51,Central Florida,30,16,14,0.533,5.13,4.13,7,11,10,6,4,7,67.9,24.2,57.7,0.42,6.73,21.2,0.317,12.7,17,10.8,35.6,14.1,6.83,2.57,14.3,17.9,,
52,Central Michigan,32,14,18,0.438,-3.4,-0.26,7,11,12,4,2,14,76.7,27.9,60.3,0.462,9,23.8,0.378,11.9,16.7,9.63,37.8,14.1,6.38,3.41,16.5,19.3,,
53,Charleston Southern,32,14,18,0.438,-13.14,-6.98,7,11,9,6,5,11,72,26.5,57.7,0.46,7.13,21.3,0.335,11.8,16.8,9.75,37.3,14.1,6.88,2.69,13.1,15.8,,
54,Charlotte,29,16,13,0.552,0.46,-1.09,10,8,13,2,3,11,64.7,23.9,54.1,0.441,6.9,21.6,0.319,10.1,14.9,7.55,31.3,12,6.93,3.45,13.7,16.7,,
55,Chattanooga,33,20,13,0.606,0.39,-1.9,10,8,10,4,7,8,68.5,25.6,57.4,0.446,6.61,21,0.315,10.7,15.4,8.06,32.9,11.7,5.61,3.12,11.8,16.8,,
56,Chicago State,29,4,25,0.138,-28.2,-2.85,0,14,3,11,1,12,81.8,27.8,57.7,0.481,9.1,22.9,0.397,17.2,23.2,10.1,34.5,16.8,8.38,1.97,11.8,18.8,,
57,Cincinnati,30,20,10,0.667,12.33,6.73,13,5,13,2,5,6,67.1,23.7,59.6,0.398,6.97,20.7,0.337,12.7,17.4,10.8,34.1,12,6.7,3.9,14,19.1,,
58,Citadel,30,6,24,0.2,-13.82,-1,0,18,3,11,3,12,81.1,29.5,64.9,0.455,9.53,27.9,0.341,12.5,17.8,10.7,38.5,15.3,7.67,2.67,13.9,17.3,,
59,Clemson,31,16,15,0.516,10.26,7.88,9,11,11,6,3,8,64.1,22.5,54.7,0.411,7.87,24.2,0.326,11.2,15.7,8.35,34.7,11.6,6.58,2.45,13.5,16.1,,
60,Cleveland State,32,11,21,0.344,-11.16,-2.45,7,11,6,8,3,13,71.8,24.2,56.3,0.43,7.22,21.4,0.337,16.2,22.5,11.6,36.1,13.3,7.03,4.72,14.3,19.4,,
61,Coastal Carolina,33,16,17,0.485,-0.83,-0.31,8,12,9,9,7,7,76.3,24.5,57.9,0.423,8.76,25.7,0.34,18.6,25.8,10.4,34.2,13.8,7.39,3.06,13.8,18.8,,
62,Colgate,34,25,9,0.735,1.47,-5.63,14,4,15,2,9,7,68.1,25.8,59.4,0.434,7.12,22.9,0.31,9.44,14.4,9.41,35.3,12.9,5.32,2.85,12.1,16,,
63,College of Charleston,31,17,14,0.548,0.53,-0.84,11,7,10,5,6,6,68,23.9,56.3,0.425,6.97,21.3,0.327,13.3,17.9,10.2,36,12.2,5,3.19,12,17.1,,
64,Colorado State,32,20,12,0.625,6.7,3.96,11,7,12,4,5,6,72.1,26.5,59.8,0.443,8.72,25.5,0.342,10.4,14.3,8.38,33,13.5,6.28,2.53,12.6,19.2,,
65,Colorado,32,21,11,0.656,14.91,8.31,10,8,13,3,4,7,64.3,23.7,57.2,0.414,6.28,18.4,0.342,10.6,14.9,8.31,31.6,11,7.31,2.94,13.2,18.7,,
66,Columbia,30,6,24,0.2,-10.19,-2.5,1,13,5,7,0,16,72.7,27.3,60.6,0.451,7.87,23.7,0.332,10.2,15.1,8.93,38.6,13.4,5.63,3.97,11.4,14.8,,
67,Connecticut,31,19,12,0.613,11.15,5.34,10,8,14,3,3,7,67,23.5,56.6,0.415,5.58,16.9,0.33,14.5,19.6,10.5,35,11.7,6.94,3.9,15.6,19.2,,
68,Coppin State,31,11,20,0.355,-14.36,-8.27,7,9,5,5,6,15,74.1,26.3,63,0.418,8.55,25.6,0.334,13,19,11.6,42.2,15.3,6.77,2.74,14.8,16.9,,
69,Cornell,27,7,20,0.259,-8.37,-1.85,4,10,6,6,1,14,70.8,25.3,56.3,0.448,7.78,22.2,0.351,12.5,17.5,9.7,35.1,13.8,5.67,3.52,12.6,15.2,,
70,Creighton,31,24,7,0.774,17.24,9.61,13,5,17,1,6,5,69.7,26.1,62.2,0.42,7.48,23.8,0.314,10,14.3,11.3,37,13.3,4.84,3.23,12.4,16.5,,
71,Dartmouth,29,12,17,0.414,-4.17,-3.2,5,9,6,6,5,10,64.6,23.3,55.9,0.416,7.79,24.1,0.323,10.2,16,7.45,33.3,11.7,5.97,2.48,11.1,15.5,,
72,Davidson,30,16,14,0.533,8.85,3.62,10,8,11,1,4,9,67.5,23.9,55.3,0.433,6.8,20.5,0.332,12.8,18.1,8.27,32.5,12,5.13,2.83,11.5,17,,
73,Dayton,31,29,2,0.935,19.17,3.69,18,0,17,0,9,0,64.5,23.5,57.1,0.411,6.26,19,0.33,11.4,17.6,9.84,31.6,11.1,5.39,2.68,12.9,17.9,,
74,Delaware State,32,6,26,0.188,-20.87,-9.54,4,12,3,11,2,13,83,28.1,60.2,0.466,8.5,24.4,0.348,18.3,25.8,10.7,39.8,15.7,7.94,3.34,14.8,18.4,,
75,Delaware,33,22,11,0.667,-1.53,-3.84,11,7,10,3,7,6,70.7,24.9,58.3,0.427,7.94,22.6,0.351,12.9,17.1,9.42,33,12.5,6.67,2.45,11.7,16.4,,
76,Denver,31,7,24,0.226,-10.06,-1.99,3,13,6,8,0,14,76.1,25.8,57.6,0.447,8.06,25,0.322,16.5,21.8,8.68,35.9,12.5,6.23,2.58,12.7,19,,
77,DePaul,32,16,16,0.5,7.63,8.95,3,15,11,7,4,9,71.1,23.9,57.8,0.415,8.13,24.2,0.336,15.1,20.3,10.9,36.8,13.9,8,3.63,16,18,,
78,Detroit Mercy,31,8,23,0.258,-9.87,-1.9,6,12,5,8,2,14,78.1,27.8,60.5,0.459,8.61,23.7,0.363,13.9,19.2,10.7,36.8,17.3,6.35,3.48,12.1,18,,
79,Drake,34,20,14,0.588,0.43,0.61,8,10,14,2,2,10,67.7,23.6,55.9,0.422,8.26,22.5,0.367,12.2,16.5,7.56,32,11.4,6.59,2.65,12.2,16.2,,
80,Drexel,33,14,19,0.424,-5.38,-2.2,6,12,10,5,1,13,70.4,26.1,57.9,0.45,5.48,17.5,0.313,12.8,16.9,8.97,32.8,11.8,7.67,3.27,11.2,17.2,,
81,Duke,31,25,6,0.806,22.55,8,15,5,15,2,7,4,68,25.3,60.6,0.417,4.84,16.2,0.299,12.5,18.7,10.6,34.4,11.8,7.26,3.9,15,19,,
82,Duquesne,30,21,9,0.7,6.77,1.67,11,7,10,4,6,3,66.4,24.5,57.6,0.425,6.4,21.2,0.301,11.1,16.8,10.6,34.9,13,6.3,3,13.8,17.7,,
83,East Carolina,31,11,20,0.355,-2.27,1.82,5,13,9,7,1,11,72.2,24.4,56.8,0.428,8.19,24.3,0.337,15.3,22.8,9.32,34.8,13.8,6.97,3.16,13.3,18.9,,
84,East Tennessee State,34,30,4,0.882,7.63,-1.82,16,2,16,1,11,3,63.1,22.5,53,0.425,6.12,20.4,0.301,12,17.1,8.56,31,10.4,5.97,2.94,15.7,19.4,,
85,Eastern Illinois,32,17,15,0.531,-5.08,-7.41,9,9,10,2,5,11,69.2,24.3,57.3,0.423,6.66,19,0.351,14,19.1,10,35.9,12.3,6,2.91,15.3,17.2,,
86,Eastern Kentucky,33,16,17,0.485,-9.17,-4.46,12,6,10,4,5,10,75.4,26.7,59.1,0.452,6.61,20.8,0.317,15.4,21,11.6,40.9,14.6,6.97,3.3,18.3,17.5,,
87,Eastern Michigan,32,16,16,0.5,-3.12,0.95,6,12,11,4,3,12,64.1,22.2,54,0.411,8.78,25.6,0.343,10.9,15.9,10.5,35.9,14.2,6.38,2.56,16.8,18.8,,
88,Eastern Washington,31,23,8,0.742,2.01,-1.81,16,4,13,2,10,6,72.9,26.2,61.2,0.427,6.74,19.8,0.34,13.8,19.5,10,36.9,14.4,7.19,3.19,14.4,18.8,,
89,Elon,34,13,21,0.382,-7.81,-2.03,7,11,8,8,3,12,71.7,23.6,53.5,0.442,8,22.1,0.361,16.4,22,8.03,35,12.5,5.91,2.94,11.9,17.3,,
90,Evansville,32,9,23,0.281,-7.04,0.61,0,18,5,10,3,10,74,27,57.3,0.472,6,16.9,0.355,13.9,18.7,8.44,36,11.2,5.53,2.5,11.8,18.5,,
91,Fairfield,32,12,20,0.375,-9.65,-4.81,8,12,5,8,6,9,62.9,22.2,52.9,0.419,6.81,19.4,0.35,11.8,16.4,8.53,32.2,11.4,6.09,3.06,12.5,18.2,,
92,Fairleigh Dickinson,30,11,19,0.367,-9.94,-5.87,9,9,7,5,4,14,74.5,26.7,59.4,0.449,8.27,24.1,0.343,12.9,18.4,11.2,36,15,6.67,3.1,12.8,15.9,,
93,Florida A&M,27,12,15,0.444,-12.17,-6.24,10,6,8,0,4,13,73.5,25.9,56.1,0.461,6.04,19.7,0.306,15.7,23.1,10.7,37,12.7,7.63,3.7,15.6,20.2,,
94,Florida Atlantic,32,17,15,0.531,-1.66,-1.25,8,10,14,3,2,12,69.4,25.2,57.3,0.44,7.38,21.8,0.339,11.7,16.7,8.84,35.1,11.8,6.53,2.28,15.2,16.4,,
95,Florida Gulf Coast,32,10,22,0.313,-10.26,-4.3,7,9,6,10,4,12,66.3,23.8,56.2,0.423,7.06,20.9,0.338,11.7,16.9,10.1,35.3,11.7,7.53,3.06,13.6,14.3,,
96,Florida International,32,19,13,0.594,0.9,-1,9,9,11,3,6,9,72.5,26.2,61.9,0.423,6.38,22.2,0.288,13.8,18.8,13,38.9,12.8,7.75,2.94,16.3,16.3,,
97,Florida State,31,26,5,0.839,17.28,7.64,16,4,16,0,7,5,65.7,22.4,55.1,0.406,7.03,22.2,0.317,13.9,19,10.4,32.9,9.97,5.32,2.87,16.6,17.1,,
98,Florida,31,19,12,0.613,14.94,9.1,11,7,11,4,4,7,66,23.1,54.8,0.421,6.35,19.5,0.326,13.5,18.5,9.35,31.7,11.2,5.48,2.45,12.9,18,,
99,Fordham,31,9,22,0.29,-3.58,-0.45,2,16,6,12,1,8,61.7,21.1,52.7,0.401,7.52,24.8,0.303,11.9,17.5,9,37.1,13,6.81,2.65,13.9,16.1,,
100,Fresno State,30,11,19,0.367,2.08,3.39,7,11,7,7,4,10,68.9,24,57.4,0.418,8.43,23.6,0.358,12.5,16.6,9.23,34.2,12.4,5.77,2.33,10.5,16.8,,
101,Furman,32,25,7,0.781,6.79,-1.55,15,3,14,1,10,5,66.3,24.5,56.1,0.437,7.16,23.2,0.309,10.2,14.2,9.41,34.5,13.4,6.28,2.69,16.2,15.9,,
102,Gardner-Webb,32,16,16,0.5,-5.56,-5.83,11,7,7,5,6,10,71,24.9,59.1,0.422,8.31,25,0.333,12.9,18.1,10.2,35.3,13.9,5.97,2.75,12.5,16.8,,
103,George Mason,32,17,15,0.531,0.86,1.48,5,13,10,7,3,8,67.8,24.7,56.8,0.436,6.81,21.6,0.315,11.5,17.3,9.78,33.8,12.3,6.53,3.66,12.8,18.4,,
104,George Washington,32,12,20,0.375,-3.99,0.92,6,12,7,9,3,9,70.1,26,57.7,0.451,5.78,17.5,0.33,12.3,17.9,9.22,35.3,11.8,7,3.66,10.6,17,,
105,Georgetown,32,15,17,0.469,10.38,9.6,5,13,10,8,4,7,73.9,26.3,61,0.432,9.28,25.5,0.364,11.9,16.2,10.6,35.1,15.3,7.63,3.09,13.5,18.9,,
106,Georgia Southern,33,20,13,0.606,1.69,-0.83,12,8,11,4,8,8,70.7,26.1,60.1,0.434,6.73,22.2,0.303,11.8,16.5,10.6,37.8,13.1,5.88,2.33,15.8,19.1,,
107,Georgia State,32,19,13,0.594,3.09,0.13,12,8,12,3,6,10,72.2,23.6,58.4,0.403,5.88,20.7,0.284,19.2,26.5,12.1,37.3,11.9,6.31,3.69,15.9,17.8,,
108,Georgia Tech,31,17,14,0.548,10.49,9.19,11,9,10,6,6,7,66.4,23.2,58.1,0.399,5.42,19,0.285,14.6,20.5,10.5,33.7,12,7.74,3.61,13.8,18.1,,
109,Georgia,32,16,16,0.5,8.28,8.06,5,13,12,5,3,9,75.6,28,61.9,0.453,6.94,21.5,0.323,12.6,19,11.1,35.7,13,6.47,3.34,13.2,17.9,,
110,Gonzaga,33,31,2,0.939,22.7,3.13,15,1,17,0,10,1,67.8,25.9,61.5,0.422,6.7,20.9,0.32,9.33,13.4,8.45,30.8,11.2,6.06,2.94,13.4,19.3,,
111,Grambling,32,17,15,0.531,-12.39,-9.79,11,7,11,2,6,12,68.4,23.6,57.3,0.411,7.28,22.1,0.329,14,20.5,9.72,33.2,13.8,6.66,2.94,14.9,18.8,,
112,Grand Canyon,30,13,17,0.433,-6.32,-4.05,8,8,8,8,4,6,73,26,58.8,0.441,8.47,23.8,0.356,12.6,17.4,9.87,34.9,14.3,5.43,2.47,11.1,18.2,,
113,Green Bay,33,17,16,0.515,-4.8,-2.8,11,7,10,5,7,10,80.1,28,63.7,0.44,8.76,25.4,0.344,15.3,20.4,11.8,38.7,14.5,5.73,2.58,14.5,18.4,,
114,Hampton,34,15,19,0.441,-12.02,-5.8,8,10,11,5,3,13,79.2,27.5,61.5,0.447,8.26,23.7,0.349,16,23.1,11.4,37.4,14.8,5.53,2.97,11.4,20.2,,
115,Hartford,33,18,15,0.545,-6.79,-6.02,9,7,9,8,9,7,66.8,24.2,59,0.41,6.24,22.7,0.275,12.2,17.5,11.4,38.3,12.8,6.67,3.06,13.3,17,,
116,Harvard,29,21,8,0.724,3.06,-1.55,10,4,11,1,9,4,66.5,23.6,57.8,0.409,6.72,20.3,0.331,12.5,18.1,9.28,33.3,10.4,7,2.48,12.9,18.7,,
117,Hawaii,30,17,13,0.567,-1.27,-2.1,8,8,14,6,3,7,67.2,24.6,56,0.44,5.07,15,0.339,12.9,17.8,8.63,33.5,9.37,6.13,3.17,13.3,18.5,,
118,High Point,32,9,23,0.281,-16.31,-5.34,6,12,6,9,3,14,74.9,25.7,55.6,0.462,10,25.7,0.389,13.5,19.8,9.19,32.8,15.6,6.94,3.56,12.3,19,,
119,Hofstra,34,26,8,0.765,3.06,-3.85,14,4,10,4,11,4,68.4,26.4,59.4,0.445,6.59,21.6,0.305,9,12.5,10,33.8,14.5,5.85,2.5,13.6,18.3,,
120,Holy Cross,32,3,29,0.094,-18.07,-4.26,2,16,2,12,0,16,79.3,29.3,59.5,0.493,7.44,20,0.372,13.2,18.8,9.38,35.5,14,7.34,3.13,10.7,14.5,,
121,Houston Baptist,29,4,25,0.138,-17.41,-3.62,4,16,2,9,2,15,93.9,33.8,65.4,0.517,8.45,22,0.384,17.8,24,11.3,36.9,19.1,8.59,4.59,13.1,19.8,,
122,Houston,31,23,8,0.742,16.46,6.3,13,5,14,2,6,6,62.1,20.4,53.3,0.383,6.03,21.1,0.286,15.3,22.2,9.16,32,11,5.16,2.26,12.2,19.1,,
123,Howard,33,4,29,0.121,-21.88,-7.98,1,15,2,13,1,14,81.3,29.2,62.3,0.468,8.03,23,0.349,14.9,21.8,13.4,40.4,18,6.24,2.55,13.8,17.7,,
124,Idaho State,30,8,22,0.267,-8.62,-1.62,4,16,4,9,3,13,73.3,28.3,58.7,0.483,5.17,16,0.322,11.4,15.1,8.63,32,11.7,6,3.2,11.3,18.7,,
125,Idaho,32,8,24,0.25,-12.07,-2.1,4,16,5,10,2,12,72.8,26.8,59.5,0.451,7.59,23.1,0.329,11.5,16.7,9.03,34.3,14.2,6.97,2.94,11.2,16.7,,
126,Illinois-Chicago,35,18,17,0.514,-3.74,-3.8,10,8,11,7,5,9,68.8,23.8,58.9,0.404,6.63,22.8,0.29,14.5,21.6,10.9,35.5,13.5,6.77,2.77,12.5,16.6,,
127,Illinois State,31,10,21,0.323,-2.7,1.97,5,13,9,6,1,11,70,25,56.3,0.444,7.45,22.1,0.337,12.6,17.4,9.16,35,13.3,6.65,2.68,13.5,15.4,,
128,Illinois,31,21,10,0.677,15.27,9.84,13,7,15,3,6,6,65.3,24.5,58.9,0.415,6.45,19.4,0.332,9.94,13.7,9.19,32,11.3,5.77,3.23,11.6,18.6,,
129,Incarnate Word,31,9,22,0.29,-18.57,-6.85,6,14,7,9,2,13,73.9,26.2,57.5,0.455,6.9,20.1,0.343,14.6,19.4,10.9,36.2,15.4,6.65,3.65,14.5,17,,
130,Indiana State,30,18,12,0.6,3.22,1.81,11,7,12,1,4,8,66.8,24.1,53.9,0.447,6.33,19.8,0.319,12.3,17.6,8.27,32.9,12.6,5.1,2.73,12.7,18.1,,
131,Indiana,32,20,12,0.625,15.07,10.35,9,11,15,4,2,8,66.7,23.6,56.5,0.417,7.03,21.8,0.322,12.6,18.4,8.63,32.2,12.1,6.22,3.34,12.3,18.9,,
132,Iona,29,12,17,0.414,-6.23,-5.37,9,11,5,6,4,9,70.9,24.8,58.6,0.422,8.34,23,0.363,13,20,11.8,35.6,14.4,6.83,2.86,13,17.6,,
133,Iowa State,32,12,20,0.375,9.1,10.07,5,13,11,6,0,11,73,26.8,59.3,0.452,7.84,21.8,0.359,11.5,16.6,11.1,35.8,13.3,7.22,2.94,14.6,16.5,,
134,Iowa,31,20,11,0.645,16.07,10.62,11,9,14,2,4,7,72.3,26.3,61.1,0.43,7.84,24.5,0.321,11.9,16.4,10.9,35.3,15.5,6.19,3.71,12.4,19,,
135,Purdue-Fort Wayne,33,14,19,0.424,-7.87,-3.2,6,10,10,5,3,13,70.3,25.3,56.2,0.45,8.15,23.6,0.345,11.5,16.1,7.61,33.5,13.6,6.24,2.97,13.2,15.2,,
136,IUPUI,32,7,25,0.219,-14.89,-3.39,3,15,4,9,3,14,80.1,29.2,62.9,0.463,8.97,24.4,0.367,12.8,17.8,11.6,39,16,7.13,3.91,12.7,17.7,,
137,Jackson State,32,15,17,0.469,-10.91,-8.61,11,7,9,3,6,14,67.4,22.8,53.2,0.43,5.81,17.3,0.336,15.9,22.5,9,35.2,11.7,5.81,3.16,16.3,17.6,,
138,Jacksonville State,32,13,19,0.406,-8.29,-6.36,8,10,8,6,4,11,69.3,25.6,56.6,0.451,7.03,21.6,0.326,11.2,16.1,8.38,32.5,13.7,6.53,3.09,14.2,16.3,,
139,Jacksonville,32,14,18,0.438,-6.5,-5.63,7,9,6,7,7,9,66.7,23.9,59.2,0.404,6.91,23,0.3,11.9,16.7,9.56,34.4,10.6,6.69,3.16,10.8,15.9,,
140,James Madison,30,9,21,0.3,-9.23,-2.78,2,16,6,9,3,11,76.5,27.3,61.7,0.443,9.07,25.8,0.351,12.8,17.6,9.67,38.1,14.3,5.8,3.4,11.7,17.9,,
141,Kansas State,32,11,21,0.344,8.7,9.48,3,15,9,7,1,10,65,22.1,51.4,0.43,6.81,20.6,0.33,14,19.9,9.72,34.3,11.7,7.53,4,16.4,17.6,,
142,Kansas,31,28,3,0.903,24.96,11.63,17,1,14,1,11,1,60.7,22.1,58.5,0.377,7.39,24.2,0.305,9.19,13.6,9.94,32,11.6,6.42,3.58,13.1,17,,
143,Kennesaw State,29,1,28,0.034,-22.6,-2.63,0,16,1,10,0,16,75.2,27.8,57.6,0.483,8.07,21.7,0.371,11.6,17.5,10.2,37.9,14.4,6.38,4,12.6,17.5,,
144,Kent State,32,20,12,0.625,3.68,-0.72,9,9,14,3,5,7,70,24.3,58.7,0.415,7.31,21.8,0.335,14,19.4,10.8,35.2,12.6,5.28,2.13,14.2,17.6,,
145,Kentucky,31,25,6,0.806,15.78,7.46,15,3,16,2,8,2,66.1,23.1,58.7,0.394,6.9,22.5,0.307,12.9,18.8,10.7,32.5,10.8,5,3.16,12,19.5,,
146,La Salle,30,15,15,0.5,-0.23,1.71,6,12,8,7,4,8,69.9,23.9,55.7,0.429,6.23,20.8,0.3,16,22.3,9.7,35.6,13.1,8.23,3.97,14.2,17.8,,
147,Lafayette,31,19,12,0.613,-5.91,-5.94,10,8,9,5,10,7,68.8,26.3,61.6,0.427,6.87,22,0.312,9.29,13.7,10.1,35.3,11.5,5.74,1.94,9.58,13.9,,
148,Lamar,32,17,15,0.531,-7.24,-6.45,10,10,10,5,6,10,69.6,25.6,59.2,0.432,7.5,22.1,0.34,11,15.8,11.6,36.9,13.8,7,3.5,17.1,18.5,,
149,Lehigh,32,11,21,0.344,-10.93,-3.9,7,11,8,6,3,15,73.1,25.8,58.4,0.441,8.13,24.7,0.33,13.4,18.7,9.09,33.8,14.4,6.91,3.44,12,15.4,,
150,Liberty,34,30,4,0.882,5.15,-7.26,13,3,17,0,7,4,53.8,19.3,49.9,0.387,5.74,19.6,0.292,9.44,13.6,6.97,29.3,8.65,4.62,1.76,12,16.1,,
151,Lipscomb,32,16,16,0.5,-7.08,-4.45,9,7,9,5,7,11,70.7,25.9,58.8,0.44,8.31,23.8,0.35,10.5,15.4,9.59,34.7,12.7,6,3.91,12.4,15.6,,
152,Cal State Long Beach,32,11,21,0.344,-8.72,1.08,6,10,8,6,2,13,75.1,26.8,60.7,0.442,8.63,24.7,0.349,12.8,18,11.2,37,15.6,8,2.59,14.4,18.4,,
153,Long Island University,33,15,18,0.455,-8.38,-6.16,9,9,8,6,6,11,76.8,28.2,64.1,0.44,7.7,23.1,0.334,12.7,17.9,11.6,39.8,14.4,6.36,3.48,14,17.9,,
154,Longwood,32,14,18,0.438,-12.45,-9.31,9,9,8,6,6,11,68.6,23.8,55.2,0.431,8.25,23.8,0.347,12.8,18.9,8.59,36.2,13.7,6.06,3.34,14,18.2,,
155,Louisiana,33,14,19,0.424,-4.6,-0.67,8,12,10,6,3,12,76.2,27.2,60.2,0.451,7.52,22.1,0.34,14.4,19.6,10.3,36.2,13.6,7.09,2.91,13.9,18.7,,
156,Louisiana-Monroe,29,9,20,0.31,-6.5,-0.16,5,15,7,8,2,12,67.4,23.6,56.5,0.418,6.76,21.4,0.315,13.4,19,10.5,34.8,12.4,6.03,2.59,11.5,16.9,,
157,Louisiana State,31,21,10,0.677,14.43,7.2,12,6,15,2,5,6,73.3,26.5,62.6,0.423,8.94,25.9,0.345,11.4,16.5,11,33.4,12.8,5.74,3.29,11.9,17.7,,
158,Louisiana Tech,30,22,8,0.733,7.06,-1.48,13,5,15,1,7,7,63.7,22.2,55.9,0.398,6.93,22.2,0.312,12.3,17.5,10.2,34.2,11.1,5,3.1,14.8,16.3,,
159,Louisville,31,24,7,0.774,17.94,7.55,15,5,17,1,6,5,63.7,22.3,57.2,0.389,7.06,23.5,0.301,12.1,16.6,9.26,32.3,10.5,6.03,3.23,11.8,17,,
160,Loyola (IL),32,21,11,0.656,5.7,0.54,13,5,14,2,5,6,62.7,23.1,52.4,0.441,8.34,22.7,0.368,8.19,12.3,7.41,30.4,12.5,6.19,3.56,15.7,17.8,,
161,Loyola Marymount,32,11,21,0.344,-1.09,3.88,4,12,7,9,2,9,67.8,22.8,51.9,0.439,7.69,23.5,0.327,14.5,19.7,8.53,29.3,13.4,6.72,3.41,12.3,18,,
162,Loyola (MD),32,15,17,0.469,-9.59,-7.23,7,11,9,4,5,13,74.8,26.5,60.4,0.439,7.75,23.8,0.325,14,19.3,10.5,35.7,14.8,6.72,3.16,12.9,20.1,,
163,Maine,31,9,22,0.29,-11.88,-3.71,5,11,5,7,3,15,68,23.4,55.1,0.424,7.9,24.8,0.319,13.4,17.7,9.35,33.7,12.7,7.58,2.35,12.4,15.4,,
164,Manhattan,31,13,18,0.419,-8.42,-6.26,8,12,7,6,5,11,64.2,21.2,50.8,0.418,5.81,16.8,0.345,16,23.4,10,35.7,12.1,6.35,3.03,14.9,18.9,,
165,Marist,30,7,23,0.233,-12.22,-7.08,6,14,4,10,3,12,65.7,21.7,51.7,0.419,7.6,22.2,0.342,14.7,20.2,8.23,34.6,12.5,6.53,2.3,13.7,16.9,,
166,Marquette,30,18,12,0.6,15.44,9.3,8,10,13,3,3,8,71.6,25.3,61.3,0.412,6.9,21.4,0.322,14.2,21.4,10.2,35,13.1,6.7,3.07,11,19.4,,
167,Marshall,32,17,15,0.531,1.7,-0.05,10,8,10,6,5,9,73.1,25.1,62.4,0.403,6.88,20.8,0.331,16,23.1,13.1,41.1,10.4,8.19,3.06,15.4,15.6,,
168,Maryland-Baltimore County,33,16,17,0.485,-8.08,-4.43,8,8,11,5,5,10,66.9,23,55.9,0.412,7.97,25,0.319,12.9,17.3,9.09,34.5,11.7,6.39,2.91,13.3,17.9,,
169,Maryland-Eastern Shore,32,5,27,0.156,-22.03,-6.45,4,12,4,6,1,20,71.2,24.9,55.9,0.445,7.25,21.5,0.337,14.2,20.5,10.4,39.9,13.5,7.34,3.63,15.1,14.9,,
170,Maryland,31,24,7,0.774,17.82,10.5,14,6,16,1,5,6,64.5,23.6,59.1,0.399,7.32,22.5,0.325,10,14.3,9.61,34,12.9,5.48,3.55,11.7,19,,
171,Massachusetts-Lowell,32,13,19,0.406,-8.19,-5.35,7,9,8,9,5,10,76,28.2,60.8,0.463,7.41,21.9,0.338,12.3,17.2,10.3,35.1,13.8,6.72,3.25,13.4,19.6,,
172,Massachusetts,31,14,17,0.452,1.12,3.79,8,10,11,5,3,9,71.2,26,56.8,0.457,5.97,18.1,0.33,13.2,19,10.2,36.1,14.5,7.1,2.19,14.2,18,,
173,McNeese State,32,15,17,0.469,-9.11,-6.93,10,10,10,5,5,11,74.7,26.7,62,0.431,8.66,24.3,0.356,12.6,17,11.3,32.9,14.3,7.78,2.97,13.5,18.1,,
174,Memphis,31,21,10,0.677,12.16,5.07,10,8,15,3,5,6,64.9,22,61,0.361,6.23,22.3,0.28,14.7,21.4,12.3,36.7,11.5,7.68,3,14.9,19.5,,
175,Mercer,32,17,15,0.531,-3.13,-2.7,11,7,9,6,8,6,70.3,24.8,57.5,0.432,7.44,23.2,0.321,13.2,19.9,9.31,32.3,12.7,7,2.59,12.8,15.9,,
176,Merrimack,31,20,11,0.645,-6.93,-6.53,14,4,10,2,9,8,60.2,21.1,50.1,0.422,4.71,15.6,0.302,13.2,18.5,10.8,36.8,12.3,5.06,3.52,17.4,15,,
177,Miami (FL),31,15,16,0.484,6.63,8.66,7,13,9,5,4,8,73.2,27.8,62.7,0.443,7.39,21.8,0.339,10.2,14.4,11.7,38.5,15.2,6.16,4.32,12.4,16.3,,
178,Miami (OH),32,13,19,0.406,-4.17,-0.57,5,13,10,6,2,11,71.1,24.8,56.8,0.436,7.81,22.2,0.352,13.7,20.2,9.97,37.1,11.3,5.41,3.22,12.4,17.2,,
179,Michigan State,31,22,9,0.71,21.92,10.76,14,6,12,3,7,4,64.7,22.9,60.4,0.379,6.55,22.8,0.287,12.5,17.7,10.4,33.1,12.7,6,3.39,11,17.1,,
180,Michigan,31,19,12,0.613,17.94,11.17,10,10,11,5,4,7,68.3,25.8,60.9,0.423,5.58,17.3,0.323,11.1,16.1,9.39,35.3,10.2,4.61,2.68,11.3,15.9,,
181,Middle Tennessee,31,8,23,0.258,-8.41,0.84,4,14,5,10,3,10,75.2,26.4,56.3,0.468,7.23,19.1,0.378,15.3,21.7,9.06,36.4,13.7,6.61,2.84,14.3,16.6,,
182,Milwaukee,31,12,19,0.387,-7.22,-3.91,7,11,7,8,4,9,72.6,24.4,55.7,0.438,6.84,19.7,0.346,17,23.7,10.1,37.3,12.4,5.71,3.16,15,18.5,,
183,Minnesota,31,15,16,0.484,16.39,11.55,8,12,11,5,2,10,66.3,24.4,59.7,0.408,5.71,18.6,0.307,11.8,16.7,10.7,36.2,12.8,5.23,3.55,10.7,16.5,,
184,Mississippi State,31,20,11,0.645,12.21,6.96,11,7,14,2,4,7,68.1,24.2,57.1,0.424,6.45,20.7,0.312,13.2,18,10,30.5,12.2,7.1,2.97,11.5,18.5,,
185,Mississippi Valley State,30,3,27,0.1,-29.08,-7.68,3,15,1,8,2,19,89.7,32.5,67.6,0.481,7.97,23.4,0.341,16.7,24.4,13.7,47.8,19.3,7.1,3.07,14,15,,
186,Mississippi,32,15,17,0.469,7.37,6.9,6,12,12,5,1,10,68.5,23.3,54.7,0.426,5.53,19,0.292,16.4,22.2,9.56,34.9,12.8,6.06,3.84,13.6,18.6,,
187,Missouri-Kansas City,30,16,14,0.533,-6.07,-3.62,8,7,9,4,5,8,65.9,21.6,50.5,0.428,5.07,17,0.297,17.5,23.2,8.83,33.5,10.8,5.8,4.23,15.2,16.2,,
188,Missouri State,33,16,17,0.485,3.5,0.71,9,9,11,4,3,10,67.8,23.8,55.2,0.431,7.21,21.4,0.338,13,18.3,7.7,30.9,11.2,6.18,2.97,12.5,16.7,,
189,Missouri,31,15,16,0.484,8.51,6.54,7,11,12,4,2,10,65.2,20.9,51.2,0.408,5.58,19.4,0.288,17.8,24.5,9.32,33.1,10.3,5.94,3.45,14.1,18.8,,
190,Monmouth,31,18,13,0.581,-4.51,-5.19,12,8,11,2,6,10,70.6,23.4,54.9,0.425,7.65,22.2,0.344,16.2,22.9,9.9,38.3,12,6.03,3.35,16.3,19.5,,
191,Montana State,31,16,15,0.516,-5.01,-2.29,10,10,9,5,5,10,67,23.8,57.6,0.413,7.45,23.6,0.316,11.9,17.1,9.03,33.4,12.1,6.48,3.42,11.3,18.4,,
192,Montana,31,18,13,0.581,0.59,-1.52,14,6,12,3,6,10,68.5,23,52.9,0.434,5.65,16.7,0.338,16.8,23.5,8.06,33.8,10.4,5.94,2.77,14.3,16.7,,
193,Morehead State,32,13,19,0.406,-10.96,-6.42,7,11,11,4,2,14,70,25.6,59.8,0.427,7.22,22.4,0.323,11.7,16.6,10.3,36.4,12.1,5.97,4.88,12.6,16.7,,
194,Morgan State,31,15,16,0.484,-12.82,-9.18,9,7,8,6,7,7,70.9,22.5,55.4,0.407,6.61,21.5,0.308,19.2,27.4,10.7,34.9,11.3,6.84,3.42,14.3,19.5,,
195,Mount St. Mary's,32,11,21,0.344,-9.56,-6.47,7,11,8,6,3,15,66.6,24,55.5,0.432,7.25,20.4,0.355,11.4,16.3,9.34,35,12.4,5.5,3.47,11.4,18.1,,
196,Murray State,32,23,9,0.719,1.99,-6.08,15,3,15,0,6,6,64.7,22.9,57.3,0.4,6.47,20.8,0.311,12.3,17.9,8.84,31.7,10.5,6.03,3.59,12.9,18.8,,
197,Navy,30,14,16,0.467,-7.36,-5.74,8,10,10,5,4,11,64.1,23.1,53,0.435,7.37,21.7,0.339,10.6,15.7,8.13,31.6,13,5.9,4.17,11.5,16.8,,
198,Omaha,32,16,16,0.5,-5.09,-0.96,9,7,12,2,4,12,76.9,27.6,61.4,0.449,8.72,24.5,0.356,13,17.7,9.69,36.1,14.8,5.59,3.25,11.6,16.2,,
199,Nebraska,32,7,25,0.219,2.41,10.66,2,18,5,11,0,12,78.1,29.9,66.4,0.45,8.63,25.9,0.333,9.66,14.5,12.9,45.1,15.6,5.66,5.22,13.8,16.7,,
200,Nevada-Las Vegas,32,17,15,0.531,6.79,4.76,12,6,12,6,5,7,70.1,23.1,54.8,0.421,7.88,23.5,0.335,16.1,22.3,8.47,32.5,13.8,6.25,3.38,12,18.4,,
201,Nevada,31,19,12,0.613,8.91,4.14,12,6,12,3,4,7,72.4,24.3,60.2,0.404,7.94,26.6,0.298,15.8,22,9.58,35.6,12.4,4.77,2.58,10.9,16.5,,
202,New Hampshire,30,15,15,0.5,-7.6,-6.28,8,8,10,3,5,12,66.3,22.6,56.5,0.4,6.67,21.5,0.31,14.5,21.1,7.7,35.1,9.17,6.2,2.9,12,17.3,,
203,New Mexico State,31,25,6,0.806,4.11,-4.24,16,0,13,1,9,3,59.7,21.2,50.1,0.423,6.1,18.9,0.323,11.2,15.3,6.48,27.2,10,6.06,1.97,13.8,18.3,,
204,New Mexico,33,19,14,0.576,3.47,2.63,7,11,15,3,2,9,75.2,27.8,61.8,0.45,9.12,26.3,0.346,10.5,15.2,11,35.9,16.3,7.03,2.58,14.7,19.2,,
205,New Orleans,30,9,21,0.3,-14.08,-4.73,5,15,6,8,3,13,77.4,27.4,56.6,0.485,6.7,19.3,0.347,15.9,21.7,10.3,34,15.3,6.53,4.17,16,19.4,,
206,Niagara,32,12,20,0.375,-11.02,-4.33,9,11,9,3,2,17,72.4,26.3,57.8,0.455,8.44,23.7,0.356,11.3,16,12.1,39.6,16.3,4.75,3.44,13.9,15.3,,
207,Nicholls State,31,21,10,0.677,-3.87,-6.02,15,5,13,1,7,8,69.2,23.9,55.3,0.433,5.71,18.6,0.307,15.6,21.6,10.8,36.3,13.1,6.42,2.68,18.5,16.5,,
208,NJIT,30,9,21,0.3,-10.14,-4.83,6,10,5,7,4,14,67.7,24.1,54.7,0.44,6.57,19.3,0.34,13,17.9,8.67,35.9,12.5,5.23,3.6,12.3,16.4,,
209,Norfolk State,31,16,15,0.516,-7.76,-9.39,12,4,11,2,4,12,64.9,21.6,54.1,0.4,6.65,22.1,0.301,15,21.7,9.87,35.3,13,5.61,3.13,16,17.7,,
210,North Alabama,30,13,17,0.433,-9,-5.82,8,8,9,4,4,13,69.7,24.2,55.2,0.438,6.27,18.6,0.336,15.1,21.7,9.23,34.4,10.6,5.6,3.73,14,18.9,,
211,North Carolina-Asheville,31,15,16,0.484,-10.31,-8.31,8,10,10,5,5,10,74.8,27.2,53.9,0.505,6.26,16.8,0.372,14.1,21.4,8.97,35.9,13.8,4.77,2.77,16.6,18.3,,
212,North Carolina A&T,32,17,15,0.531,-9.66,-7.86,12,4,11,1,4,12,72,24.8,59.7,0.416,6.63,23,0.288,15.7,24.8,11.8,39.8,13.1,6.66,3.28,16.4,20.2,,
213,North Carolina Central,31,18,13,0.581,-10.04,-8.86,13,3,12,0,5,13,66,23.4,56.5,0.413,6.61,21.9,0.301,12.6,18.2,11.4,35.2,11.9,6.06,3,17.2,16.8,,
214,North Carolina-Greensboro,32,23,9,0.719,5.92,-1.48,13,5,14,4,9,4,63.1,21.8,51.5,0.424,7.06,20.5,0.345,12.4,18.4,8.59,34,10.8,5.78,2.47,18,16.5,,
215,North Carolina State,32,20,12,0.625,12.05,7.14,10,10,14,4,5,7,69.7,24.8,58,0.426,6.03,19.1,0.316,14.2,20.6,11.3,37.1,10.8,6.66,3.41,14.2,16.8,,
216,North Carolina-Wilmington,32,10,22,0.313,-9.31,-0.9,5,13,8,8,1,12,71.7,25.9,58.5,0.443,7.31,22.6,0.324,12.5,18.3,10,36.6,12.7,6.47,2.56,13,16.5,,
217,North Carolina,33,14,19,0.424,9.45,10.05,6,14,7,8,3,9,72.8,25.5,60.6,0.422,8.39,25,0.336,13.3,17.7,8.97,34.3,13.8,6.94,4.18,11.5,18.7,,
218,North Dakota State,33,25,8,0.758,2.19,-3.94,13,3,13,1,8,6,66.2,24.9,57.2,0.435,5.82,17.9,0.325,10.5,14.6,6.33,32,9.52,4.61,2.88,10.2,16.8,,
219,North Dakota,33,15,18,0.455,-6.24,-1.38,7,9,8,3,4,13,74.8,27.5,60.6,0.454,7.15,19.5,0.366,12.6,17.1,8.52,33,12.2,6.61,2.7,10.9,18.5,,
220,North Florida,33,21,12,0.636,-0.57,-3.25,13,3,13,2,7,9,73.2,28.3,61.3,0.461,4.76,15,0.318,11.8,16.9,11.2,36.2,14.8,5.7,2.85,11.4,15.4,,
221,North Texas,31,20,11,0.645,7.32,1.66,14,4,13,3,7,6,63.3,21.6,51.2,0.423,6.48,18.6,0.348,13.5,19.5,9,29.3,10.2,7.1,3.03,13.7,16.7,,
222,Northeastern,33,17,16,0.515,1.45,-3.28,9,9,7,6,7,7,66.4,24,52.9,0.454,6.61,20.1,0.328,11.7,16.2,7.52,30.1,10.4,5.24,2.36,13.1,15.3,,
223,Northern Arizona,30,16,14,0.533,-4.65,-2.4,10,10,9,5,6,8,69.4,25.5,55.8,0.456,7.3,20.5,0.356,11.1,15.2,8.13,33.1,13.2,5.3,2.57,13,16.7,,
224,Northern Colorado,31,22,9,0.71,5.72,-2.8,15,5,11,3,9,5,62.7,24.7,56,0.442,3.65,13,0.28,9.61,13.8,7.52,32.2,8.13,4.61,2.87,11.2,15.2,,
225,Northern Illinois,31,18,13,0.581,-1.33,-2.16,11,7,11,4,7,9,64.5,22.3,55.5,0.402,7.39,24.2,0.305,12.5,17.3,8.65,34.3,11.5,4.9,3.19,11.5,16.5,,
226,Northern Iowa,31,25,6,0.806,9.83,1.45,14,4,16,0,8,4,64.7,24,57.4,0.418,7.19,21.6,0.333,9.58,14,8.03,30.4,10.5,6.74,2.39,10.4,15.2,,
227,Northern Kentucky,32,23,9,0.719,0.28,-4.65,13,5,11,4,10,5,65.3,23.9,57.8,0.414,5.78,19.8,0.293,11.6,17.4,11.3,37,12.5,5.5,2,14.5,18.6,,
228,Northwestern State,30,15,15,0.5,-10,-7.07,11,9,9,5,5,10,75.7,25.8,63,0.409,7.63,22.3,0.342,16.5,23.2,12.9,37.8,13.9,8.27,2.57,13.7,18.5,,
229,Northwestern,31,8,23,0.258,5.35,10.51,3,17,5,11,2,10,70.1,24.8,59.1,0.42,8.52,25.1,0.34,11.9,16.9,10.7,38.2,15.5,5.48,3.39,10.7,15.1,,
230,Notre Dame,32,20,12,0.625,11.21,5.62,10,10,15,4,4,7,68.7,26,62.8,0.414,7.66,22.8,0.337,8.94,12.4,10.8,38.2,13.2,5.66,3.16,11.7,15.3,,
231,Oakland,33,14,19,0.424,-5.92,-3.1,8,10,8,5,4,12,69.7,25.4,60.1,0.422,8.58,26.1,0.329,10.4,15.4,11.2,36.2,14.6,6.61,2.85,12.2,19.7,,
232,Ohio State,31,21,10,0.677,19.37,10.24,11,9,15,2,4,7,62.9,22.2,55.9,0.397,7.23,22.1,0.327,11.3,16.4,9.16,31.5,10.9,4.97,3.06,12.2,18.6,,
233,Ohio,32,17,15,0.531,0.74,0.17,8,10,12,5,4,8,68.5,23.6,56.3,0.418,7.47,22.7,0.329,13.9,17.8,8.53,33.6,11.1,6.22,2.38,12.7,17.9,,
234,Oklahoma State,32,18,14,0.563,12.01,10.51,7,11,10,6,5,7,66.1,22.6,56.3,0.401,7.47,25,0.299,13.5,18.7,10.4,34.8,12.8,6.16,3.31,14.1,17.6,,
235,Oklahoma,31,19,12,0.613,13.48,10.64,9,9,12,3,4,8,67.4,25.1,62.8,0.399,8.45,25.2,0.336,8.81,12.4,10.7,38.1,11.9,6.19,2.52,11.6,17.3,,
236,Old Dominion,32,13,19,0.406,0.02,0.06,9,9,10,4,3,11,65.6,22,54.3,0.405,8.31,24.6,0.338,13.3,18.5,7.63,33.9,12,5.13,3.75,12.6,16.1,,
237,Oral Roberts,31,17,14,0.548,2.16,-1.58,9,7,13,1,3,12,73.1,26.2,59.6,0.439,7.77,23.2,0.335,13,18,9.48,35.3,13,4.45,3.32,13.4,17,,
238,Oregon State,31,18,13,0.581,9.7,6.15,7,11,12,4,3,8,67.6,24,55.7,0.431,7.03,20.3,0.347,12.6,17.2,9.81,33.4,13.2,5.58,3.06,12.4,18.7,,
239,Oregon,31,24,7,0.774,18.22,9.09,13,5,17,0,5,5,66.7,23.4,57.4,0.407,7.61,23.3,0.326,12.4,16.9,11,33.3,12.4,4.1,3.55,13.5,15.5,,
240,Pacific,33,23,10,0.697,3.81,0.19,11,5,15,3,7,5,64.5,21.5,51.8,0.416,6.33,18.7,0.339,15.1,21.3,6.33,28,8.91,5.3,2.52,12.3,18.5,,
241,Penn State,31,21,10,0.677,16.12,9.25,11,9,14,3,5,6,68.2,24.5,59.5,0.411,6.35,19.5,0.326,12.9,18.9,10.4,37.5,12.1,5.45,3.23,13.3,18,,
242,Pennsylvania,27,16,11,0.593,1.07,-0.36,8,6,8,3,6,7,70.6,26.5,63.1,0.42,6.48,19.4,0.335,11.1,15.5,10.5,37.8,10.6,7.22,2.96,12,15.1,,
243,Pepperdine,32,16,16,0.5,2.82,3.6,8,8,9,5,6,7,77.1,27.1,59.1,0.458,8.22,21.6,0.381,14.7,20.5,9.59,36,15.6,6.59,2.66,13.8,19.7,,
244,Pittsburgh,33,16,17,0.485,6.8,7.32,6,14,11,7,2,9,65.7,24,55.7,0.43,7.48,22.1,0.339,10.3,14.5,11.7,36.3,14.2,5.45,4.24,15.5,18.2,,
245,Portland State,32,18,14,0.563,-1.5,-2.43,12,8,11,3,6,11,75.4,28,59.7,0.47,6.13,18.2,0.336,13.2,18.3,11.4,35.6,15.6,5.72,3.5,15.3,17.4,,
246,Portland,32,9,23,0.281,-6.53,1.97,1,15,7,9,2,9,72.2,26.1,60,0.434,8.25,24.4,0.338,11.8,17.8,10.8,37.8,15.6,7.19,2.59,13.3,18.6,,
247,Prairie View,32,19,13,0.594,-6.26,-8.36,14,4,12,0,6,12,68.3,22.4,52.3,0.428,5.91,19.8,0.298,17.7,25.6,8.91,33.3,11.9,5.88,3.16,17.7,20.4,,
248,Presbyterian,32,10,22,0.313,-15.06,-6.93,7,11,7,6,3,14,73.3,25.1,55.6,0.451,9.03,24.9,0.363,14.1,20,9.19,33.3,13.7,7.13,3.31,11.7,16.6,,
249,Princeton,27,14,13,0.519,-0.75,-1.48,9,5,7,6,5,6,69.1,26,56.1,0.464,5.89,17.1,0.344,11.1,14.8,7.48,31,11,6.22,3.41,11.8,16.3,,
250,Providence,31,19,12,0.613,13.45,8.19,12,6,13,3,5,6,66.2,22.7,54.5,0.417,6.26,20.1,0.311,14.4,20.4,9.81,35.5,11.7,6.97,3.39,15,18.8,,
251,Purdue,31,16,15,0.516,16.3,10.76,9,11,11,5,4,8,62.6,21.8,53.6,0.407,6.87,22.5,0.305,12.2,17.1,9.03,32.7,12.9,5.19,3.74,13.5,16.5,,
252,Quinnipiac,30,15,15,0.5,-7.66,-6.53,10,10,9,5,5,9,70.7,26.4,62.3,0.425,7.87,22.3,0.353,10,14.7,9.63,34.7,14.5,6.73,3.2,9.7,16,,
253,Radford,32,21,11,0.656,-2.67,-5.71,15,3,11,4,9,6,66.1,22.9,54.7,0.42,8.03,24.7,0.326,12.2,18.1,9.06,32.2,12.4,4.19,2.91,11.1,17.8,,
254,Rhode Island,30,21,9,0.7,9.25,4.78,13,5,12,3,8,5,68.9,25.1,60,0.418,6.7,22.6,0.297,12,17.1,10.7,38,13.2,5.5,3.33,15.1,19,,
255,Rice,32,15,17,0.469,-3.09,-0.76,7,11,8,7,5,8,74.2,27.4,60.3,0.454,7.78,23.8,0.327,11.7,17.1,9.5,36,13.8,6.16,2.94,12.6,17.7,,
256,Richmond,31,24,7,0.774,11.31,2.76,14,4,14,2,9,3,66.8,23.9,57.5,0.415,7.19,23.6,0.305,11.8,17.4,9.68,35.5,11.3,5.61,3.06,13.9,15.6,,
257,Rider,30,18,12,0.6,-3.09,-5.49,12,8,11,1,5,11,69.3,24.5,58.3,0.42,8.3,25.6,0.325,12,17.7,8.63,33.4,12.9,6.7,3.6,13.7,19.8,,
258,Robert Morris,34,20,14,0.588,-4.73,-6.33,13,5,12,3,7,11,67.1,24.2,54.2,0.447,6.35,19.7,0.322,12.2,16.9,9.47,34.1,12.1,6.21,3.35,14.8,15.7,,
259,Rutgers,31,20,11,0.645,15.72,9.68,11,9,18,1,2,8,62.6,22,57.4,0.383,7.35,23.6,0.311,11.4,15.9,9.68,34.3,12.1,5.39,3.68,13,17.1,,
260,Sacramento State,30,16,14,0.533,-2.08,-2.76,8,12,10,4,4,10,59.7,21,50.3,0.417,4.77,14.9,0.321,13,17.1,8,31,10.2,5.37,2.83,14.1,16.6,,
261,Sacred Heart,33,20,13,0.606,-4.75,-7.4,12,6,9,4,10,8,69.4,26.1,62.9,0.415,7.12,21.4,0.333,10.1,14.6,10.9,34.2,14.4,6.67,3.58,11.2,19.1,,
262,Saint Francis (PA),32,22,10,0.688,-2.05,-6.5,13,5,13,2,8,8,71.8,26,58.8,0.442,7.81,23.2,0.336,11.9,16.6,10,33.2,13.2,5.66,3.44,13.7,18.3,,
263,Saint Joseph's,32,6,26,0.188,-5.54,4.93,2,16,4,10,2,12,79.5,28.8,61.8,0.466,7.63,20.5,0.371,14.3,19.8,10.1,39.1,14.3,6.66,4,10.3,16.6,,
264,Saint Louis,31,23,8,0.742,9.41,3.07,12,6,15,3,6,4,65.2,22.1,55.2,0.401,7.03,21.8,0.323,13.9,20,8.9,33,10.8,6.77,3.55,13.7,18.9,,
265,Saint Mary's (CA),34,26,8,0.765,12.27,5.24,11,5,14,3,6,3,66.9,25,55.4,0.452,6,17.7,0.338,10.9,15.2,7.47,30.3,9.79,4,3.15,11.8,16.4,,
266,Saint Peter's,30,18,12,0.6,-3.67,-5.9,14,6,11,3,6,9,64.1,21.3,52.8,0.403,6.1,19,0.321,15.5,21.5,9.37,32,11.5,7.67,4.83,15.1,18.1,,
267,Sam Houston State,31,18,13,0.581,-5.17,-6.5,11,9,12,3,6,10,72.4,23.7,56.4,0.42,7.55,23.7,0.318,17.5,23.7,9.84,35,12.7,7.03,3.19,18.5,18.5,,
268,Samford,33,10,23,0.303,-13.13,-1.13,4,14,7,8,3,14,82.2,30.3,66,0.459,10.9,30,0.363,10.7,15.7,12.5,39,18.7,7.7,3.45,14.2,18.7,,
269,San Diego State,32,30,2,0.938,18.38,3.93,17,1,14,1,11,0,59.5,20.6,53.3,0.387,6.66,22.4,0.297,11.6,15.9,8.88,31.7,11,5.47,1.91,14.1,17.5,,
270,San Diego,32,9,23,0.281,-3.52,4.35,2,14,6,9,3,10,72.5,26.6,59.1,0.449,6.03,19,0.317,13.3,18.7,9.22,35.3,12.6,6.88,3.38,13,18,,
271,San Francisco,34,22,12,0.647,8.56,3.84,9,7,12,5,7,6,68.8,25,56.2,0.445,6.15,16.4,0.374,12.6,17.5,7.94,33,10.6,6.03,2.85,13,16.8,,
272,San Jose State,31,7,24,0.226,-7.55,5.15,3,15,6,10,1,12,81.4,29.5,62.2,0.475,7.74,21.6,0.358,14.5,21,10.7,40.6,18.7,7.32,2.45,13.2,18.7,,
273,Santa Clara,33,20,13,0.606,1.95,0.63,6,10,16,5,3,7,71.7,24.8,58.3,0.424,6.42,19.3,0.333,15.7,21.9,9.45,35.8,12.4,6.48,2.88,13.9,18.3,,
274,Seattle,29,14,15,0.483,-3.95,-3.91,7,7,9,4,3,10,72.8,24.6,58,0.424,6.52,20.6,0.317,17.1,23.2,9.52,37,12.2,5.28,3.07,13.7,20.6,,
275,Seton Hall,30,21,9,0.7,16.75,9.95,13,5,11,4,8,4,67.9,23.9,59.5,0.401,6.57,20.5,0.32,13.5,19.3,11.7,36.6,11.6,6.4,3.07,13.8,17.9,,
276,Siena,30,20,10,0.667,-1.13,-5.66,15,5,14,0,5,10,67.7,24.8,58,0.428,6.43,20.2,0.318,11.6,15.6,9,31.8,11.2,5.73,3.67,11.7,18,,
277,South Alabama,31,20,11,0.645,0.08,-1.03,13,7,11,5,7,5,67.5,24.1,56.9,0.423,9,26.3,0.343,10.3,14.8,10.6,33.7,13.6,5.32,3.71,13.9,17.5,,
278,South Carolina State,29,11,18,0.379,-16.01,-9.27,6,10,8,5,3,12,75.2,27,58,0.465,7.07,20.7,0.342,14.2,21.1,9.52,33.3,12.2,5.45,3.41,12.3,19.1,,
279,South Carolina Upstate,33,13,20,0.394,-13.58,-6.06,7,11,9,6,4,13,74.5,25.6,55.2,0.464,7.79,21.8,0.357,15.5,21.6,9.55,36.6,12.3,5.85,3.06,13.7,17.1,,
280,South Carolina,31,18,13,0.581,10.27,6.43,10,8,12,5,6,6,69.5,21.2,53.8,0.393,6.35,21.5,0.296,20.9,28.6,10.2,35.4,11.5,6.16,3.61,15.5,20.6,,
281,South Dakota State,32,22,10,0.688,2.29,-4.24,13,3,16,0,6,9,70.5,26.3,62.4,0.421,7.22,23.6,0.306,10.8,15.9,10.6,33.8,11.5,6.59,3.19,11.2,18.4,,
282,South Dakota,32,20,12,0.625,-1.74,-3.84,10,6,13,2,5,8,74.2,26.7,58.9,0.453,7.34,20.6,0.357,13.5,18.3,7.41,32.1,11.3,5.22,2.47,11.4,20.4,,
283,South Florida,31,14,17,0.452,5.15,5.18,7,11,10,7,3,6,62.7,22.1,49.9,0.443,6.68,20,0.334,11.8,17.2,7.58,31.3,11.3,6.61,3.19,15.3,17.8,,
284,Southeast Missouri State,31,7,24,0.226,-14.57,-5.29,3,15,6,7,0,16,74.4,26.8,56.7,0.472,7.65,21,0.365,13.2,19,9.26,36.2,15.1,5.52,3.29,12.5,18.2,,
285,Southeastern Louisiana,31,8,23,0.258,-16.11,-5.72,5,15,6,8,2,14,78.4,27.3,57.2,0.477,6.68,20.4,0.328,17.2,23,10.9,37.9,15.4,7.35,3.19,17.5,18.6,,
286,Southern California,31,22,9,0.71,11.51,7.22,11,7,14,2,5,6,66,23.3,60.7,0.384,7.48,23.9,0.313,11.9,17,10.7,35.1,11.9,7.9,2.94,12.8,18.5,,
287,SIU Edwardsville,31,8,23,0.258,-14.16,-5.71,5,13,4,10,4,13,72.9,24.5,56.1,0.437,7.61,23.1,0.33,16.4,22.4,10.2,35.7,15.1,6.19,3.19,13.4,16.8,,
288,Southern Illinois,32,16,16,0.5,-0.18,0.37,10,8,12,3,3,10,62.2,23.5,54.7,0.429,6,19.1,0.315,9.28,13.4,10.1,35.3,12.5,6.41,3.34,13.6,16.2,,
289,Southern Methodist,30,19,11,0.633,7.97,3.5,9,9,15,2,4,9,68.5,24,57.4,0.418,8.5,24.7,0.344,12,16.2,10.3,32.4,14.3,7.07,3,12.6,17.1,,
290,Southern Mississippi,31,9,22,0.29,-6.65,2.35,5,13,8,7,1,12,72.3,24.6,57.4,0.429,9.1,27.2,0.335,14,18.9,9.48,33.9,13.2,7.42,2.48,12.5,14.9,,
291,Southern Utah,32,17,15,0.531,0.1,-2.47,9,11,9,5,6,10,66.3,22.8,57.3,0.397,6.03,19.8,0.304,14.8,20.7,8.09,31.9,11.3,5.69,3.94,12.6,18.6,,
292,Southern,32,17,15,0.531,-9.36,-9.49,13,5,11,1,5,14,67.1,22.4,51.5,0.435,5.25,16.6,0.316,17,25,7.97,31.1,9.63,5.81,3.38,14.4,18.5,,
293,St. Bonaventure,31,19,12,0.613,3.12,1.62,11,7,9,5,7,7,66.9,23.1,55.4,0.417,8.26,25.1,0.329,12.4,18.2,9.16,33.3,14.1,5.45,3,12,15.7,,
294,St. Francis (NY),31,13,18,0.419,-11.3,-7.44,7,11,9,5,4,13,71.6,25.1,57.7,0.435,6.71,19.1,0.351,14.6,20.8,10.1,37.4,11.8,5.65,3.06,13.9,16.7,,
295,St. John's (NY),32,17,15,0.531,10.71,7.68,5,13,13,6,1,8,71.6,24.5,59.1,0.415,7.91,25,0.317,14.6,21.4,11.8,40.9,14.1,5.22,4.38,16.8,17.3,,
296,Stanford,32,20,12,0.625,13.35,6.38,9,9,14,4,4,6,62.5,22.1,55.2,0.401,6.09,20.6,0.296,12.2,17.5,9.88,34.2,10.1,6.34,3.94,15.5,17.5,,
297,Stephen F. Austin,31,28,3,0.903,4.04,-6.89,19,1,16,1,12,2,67,21.8,51.4,0.423,6.77,19.8,0.343,16.7,23,8.81,30,11.5,7.65,3.52,21.6,21.8,,
298,Stetson,33,16,17,0.485,-9.63,-5.3,9,7,8,7,7,9,65.7,22.7,54.8,0.415,8.85,26.2,0.338,11.4,16.5,9.64,31.3,13.8,5.7,3.09,11.7,17,,
299,Stony Brook,33,20,13,0.606,-2.41,-4.41,10,6,10,5,8,8,65.8,23.2,59.4,0.39,8.33,24.9,0.335,11.2,16.2,10.2,35.6,13.3,6.21,2.79,13.2,17.1,,
300,Syracuse,32,18,14,0.563,12.32,7.26,10,10,11,7,6,5,69.3,23.7,58.4,0.406,9,28,0.322,12.9,17.6,12,37.1,17.2,5.84,2.78,13.9,17.7,,
301,Temple,31,14,17,0.452,6.59,6.17,6,12,8,7,4,8,67.9,23.8,59.6,0.399,7.74,25,0.31,12.6,17.6,10.2,38.1,13.6,6.45,4.23,13.2,16.9,,
302,Tennessee-Martin,29,9,20,0.31,-14.15,-4.3,5,13,6,6,2,12,82.1,30.4,61.6,0.494,9.86,25.6,0.385,11.4,16.7,11.6,35.3,18.4,6.48,3.03,12.4,17.3,,
303,Tennessee State,33,18,15,0.545,-6.7,-5.45,9,9,11,3,4,11,71.1,24,58.4,0.411,6.88,22.1,0.311,16.1,22.3,10.3,32.7,10.8,6.91,2.7,12.4,16.8,,
304,Tennessee Tech,31,9,22,0.29,-13.64,-4.67,6,12,6,8,3,12,72.3,26.7,57.5,0.464,7.71,21.4,0.36,11.2,15.8,9.42,35.5,15.9,6.97,3.19,13.7,13.4,,
305,Tennessee,31,17,14,0.548,11.18,8.3,9,9,11,6,4,7,64.2,22.1,55,0.402,6.29,19,0.331,13.7,19.4,10.5,33.4,9.87,7.61,3,13,19.5,,
306,Texas A&M-Corpus Christi,32,14,18,0.438,-10.8,-6.63,10,10,10,6,4,11,68.7,23.4,54.5,0.43,6.09,19.4,0.314,15.8,21.6,9.59,31.4,12.3,8.47,3.22,13.1,17.8,,
307,Texas A&M,30,16,14,0.533,4.93,6.96,10,8,11,6,5,4,65.2,22.6,55.3,0.409,9.1,27.8,0.327,10.8,14.4,10.8,34.4,14.5,6.67,3.9,14.8,19.2,,
308,Texas-Arlington,32,14,18,0.438,2.76,2.13,10,10,8,8,6,9,68.4,24.2,58.6,0.412,6.13,20.7,0.296,14,20.3,10.8,38.4,13,4.88,3.06,12.2,16.9,,
309,Texas Christian,32,16,16,0.5,9.86,10.09,7,11,14,5,1,9,65,23.7,54.6,0.434,6.5,18.4,0.353,11.1,16.7,10.1,33.7,14.8,6.41,4,14.1,15.4,,
310,Texas-El Paso,32,17,15,0.531,-1,-0.45,8,10,13,4,3,9,66.1,23.2,55.9,0.416,6.25,20.5,0.305,13.4,18.8,9.13,35.3,11,5.78,2.59,13.7,17.8,,
311,Texas-Rio Grande Valley,30,14,16,0.467,-7.05,-3.7,9,7,11,3,3,11,71.4,24.3,52.7,0.46,7,18.6,0.376,15.9,22.2,9.03,35.2,14.4,5.43,2.2,17.4,18.8,,
312,Texas-San Antonio,32,13,19,0.406,-3.18,0.41,7,11,10,5,3,9,77,26.7,60.8,0.439,8.16,23.8,0.343,15.5,22.1,9.88,38.9,12.8,5.72,3.56,13.9,18.1,,
313,Texas Southern,32,16,16,0.5,-10.37,-6.05,12,6,11,1,5,15,76,26.8,61.4,0.437,7.41,21.6,0.343,14.9,20.7,10.9,36.8,14.2,7.66,4.09,14.9,21.1,,
314,Texas State,32,21,11,0.656,5.42,-0.28,13,7,15,3,6,8,64.3,21.7,53.6,0.405,6.34,19.9,0.318,14.6,20.4,10.3,34.2,10.9,5.13,3.22,14.7,18.3,,
315,Texas Tech,31,18,13,0.581,16.83,8.41,9,9,13,4,3,7,63.5,22,54.2,0.407,5.97,19.3,0.309,13.3,19.2,10.1,33.4,9.71,6.29,3.23,16,19,,
316,Texas,31,19,12,0.613,10.47,9.6,9,9,11,6,6,5,63.3,22.9,54.1,0.424,4.9,15.2,0.322,12.6,19.1,10.7,35.4,10,6.42,3.06,13.8,14.2,,
317,Toledo,32,17,15,0.531,1.2,-1.47,8,10,10,6,7,9,70.1,25.5,61.1,0.418,7.81,22.7,0.344,11.3,16,10.5,36,11.4,6.53,3.16,11.8,18.6,,
318,Towson,32,19,13,0.594,0.09,-1.51,12,6,9,5,8,4,66.4,23,56.1,0.41,7.81,24.2,0.323,12.6,17.1,9.16,31.6,12.3,4.78,2.75,10.9,17.2,,
319,Troy,31,9,22,0.29,-9.01,-1.32,5,15,6,9,3,13,73.4,25.4,57,0.445,7.68,22.7,0.338,15,21.4,10.3,37.8,14.3,6.77,3.65,14.6,17.8,,
320,Tulane,30,12,18,0.4,0.94,3.54,4,14,7,7,3,7,70.9,25.5,56.3,0.453,8.3,24.4,0.34,11.6,16.7,10.3,38.8,16.1,5.2,3.17,16.1,18.2,,
321,Tulsa,31,21,10,0.677,7.92,3.59,13,5,15,2,6,7,63.5,22.3,56,0.398,7.71,25.8,0.299,11.3,15.8,10,34.3,11.9,7.23,3.48,14.7,19,,
322,UCLA,31,19,12,0.613,9.83,8.23,12,6,13,4,5,5,67.1,22.9,53.4,0.429,7.58,20.2,0.375,13.7,18.8,8.39,31,10.9,5.74,3.03,13,18.6,,
323,Utah State,34,26,8,0.765,13.66,4.04,12,6,15,1,4,6,64.1,22.9,58.4,0.392,7.76,24.7,0.314,10.6,15.1,8.18,31.3,11.1,6.68,3.18,12.4,19.2,,
324,Utah Valley,30,11,19,0.367,-7.47,-4.18,5,10,6,7,5,12,71,25.2,59.5,0.424,5.73,17.8,0.323,14.8,19.9,9.5,35.8,12.1,6.17,3.7,12.6,19.2,,
325,Utah,31,16,15,0.516,8.47,7.86,7,11,12,2,1,10,70.3,26.4,59.9,0.44,7.45,21.2,0.352,10.1,13.8,9.61,33.1,13.4,6.68,3.84,12.2,18.9,,
326,Valparaiso,35,19,16,0.543,1.44,1.17,9,9,11,2,4,10,71.3,25.9,57.1,0.454,7.17,19.8,0.362,12.2,17.7,9.23,35.7,13.5,6.31,2.6,14.2,16.1,,
327,Vanderbilt,32,11,21,0.344,3.16,6.41,3,15,10,10,1,9,75,26.4,56.6,0.467,6.72,19.2,0.351,15.4,20.8,9.72,36.1,13.4,5.66,4.03,13.8,20.2,,
328,Vermont,33,26,7,0.788,6.07,-4.84,14,2,13,3,12,3,59.5,20.4,53.7,0.38,7.03,22.2,0.317,11.7,16.4,8.12,32.5,10.2,5.73,2.52,12.8,17.3,,
329,Villanova,31,24,7,0.774,16.84,10.03,13,5,12,3,9,3,66.4,25.3,58.8,0.43,6.06,18.7,0.325,9.74,13.9,8.74,34.2,12,5.68,3.16,11.5,16.2,,
330,Virginia Commonwealth,31,18,13,0.581,9.66,4.08,8,10,14,4,4,7,65.2,22.6,53.6,0.423,6.29,18.6,0.337,13.6,19.2,10.2,36.2,11.9,6.65,3.16,17,17,,
331,VMI,33,9,24,0.273,-6.92,-2.72,3,15,5,10,2,12,71.1,24.3,56.2,0.432,7.18,22.4,0.32,15.4,21.3,9.79,36,13.2,5.73,2.82,13,15,,
332,Virginia Tech,32,16,16,0.5,8.22,6.16,7,13,12,6,3,7,66.5,24.1,57.9,0.416,7.94,24.6,0.322,10.4,15.1,9.03,37.2,12.8,4.13,3.19,11.9,14,,
333,Virginia,30,23,7,0.767,12.16,7.5,15,5,14,3,7,4,52.4,19.1,51.8,0.369,6.47,22.1,0.293,7.7,11.2,7.9,30.5,9.03,6.63,2.73,11.7,13.9,,
334,Wagner,29,8,21,0.276,-14.79,-5.57,5,13,5,8,3,13,76.2,25,54.5,0.459,8.69,22.6,0.385,17.4,24.7,9.55,34.8,15.1,6.76,3.24,13.2,17.4,,
335,Wake Forest,31,13,18,0.419,6.69,8.14,6,14,9,5,1,11,74.9,26.4,60.3,0.438,7.1,21.3,0.333,14.9,21.2,9.68,35,13.2,7.52,3.58,10.9,20.3,,
336,Washington State,32,16,16,0.5,5.13,4.94,6,12,11,5,2,9,69.7,25.6,57.1,0.449,5.75,18.3,0.315,12.7,18.4,8.94,37.2,11.5,5.78,3.75,15,18.5,,
337,Washington,32,15,17,0.469,12.41,8.25,5,13,10,7,3,7,66.4,22.9,60,0.381,7.16,22.9,0.312,13.5,18.8,12.3,35.7,13.8,6.78,2.06,13.7,18.7,,
338,Weber State,32,12,20,0.375,-8.32,-0.66,8,12,8,6,4,9,71.3,27.1,60.7,0.447,7.34,20.7,0.356,9.72,13.6,9.19,34.6,14.2,6.13,2.56,11.7,16.4,,
339,West Virginia,31,21,10,0.677,18.51,10.64,9,9,14,2,4,8,62.4,21.1,54.1,0.391,5.84,20.3,0.288,14.3,20,9.65,32.4,10.1,7.32,3.35,15.6,21.5,,
340,Western Carolina,31,19,12,0.613,-0.1,-1.55,10,8,10,4,8,7,74.7,26.7,61.5,0.434,7.84,25.2,0.311,13.5,18.7,9.26,33.2,12.2,6.65,3.48,12.5,19.8,,
341,Western Illinois,26,5,21,0.192,-14.28,-3.03,2,14,4,10,1,11,81.8,29.1,60.8,0.479,8,21.4,0.373,15.5,20.8,8.42,38.4,12.2,4.92,2.69,11.5,15.7,,
342,Western Kentucky,30,20,10,0.667,4.2,0.96,13,5,12,2,6,6,72,27.6,62.6,0.441,7.2,24,0.3,9.6,13.1,11.2,36,13,5.53,3,13.6,18.4,,
343,Western Michigan,32,13,19,0.406,-5.42,-0.25,6,12,10,5,3,12,72.1,26,60.1,0.433,7.44,22.5,0.331,12.6,18.3,10.5,36.7,12.2,6.28,3.03,11.5,19.2,,
344,Wichita State,31,23,8,0.742,13.66,5.6,11,7,17,2,5,5,63.8,21.6,55.3,0.391,5.87,19.5,0.302,14.7,21.2,8.65,34.6,10.1,6.23,4,14.3,18.5,,
345,William & Mary,32,21,11,0.656,-2.46,-3.1,13,5,11,2,10,7,69,25.3,59.5,0.426,7.31,21,0.348,11,15.4,8.41,31.8,11.4,6.63,2.81,9.88,16.4,,
346,Winthrop,34,24,10,0.706,1.16,-6.53,15,3,11,4,10,6,71.5,24.5,56.1,0.436,6.91,21.4,0.322,15.6,23.3,8.68,33.1,12.4,6.44,3.26,14.6,20.4,,
347,Wisconsin,31,21,10,0.677,15.95,10.95,14,6,15,1,6,6,62.2,23.1,56.4,0.41,6.06,18.3,0.331,9.84,14.3,9.03,34.5,11,4.97,2.97,10.9,16.7,,
348,Wofford,35,19,16,0.543,0.17,-1.5,8,10,10,5,6,10,68.5,24.1,54.7,0.44,7.89,23.6,0.334,12.5,17.4,7.77,31,12.2,6.03,2.4,12.4,15.9,,
349,Wright State,32,25,7,0.781,2.46,-6.21,15,3,14,2,9,3,70.8,26.3,63.3,0.416,6.25,20.8,0.301,11.9,16.7,11.5,37.1,10.6,6.28,2.91,14.2,20.2,,
350,Wyoming,33,9,24,0.273,-3.05,4.82,2,16,4,13,3,8,69.9,24.1,55.7,0.433,7.64,23.2,0.33,14.1,20.3,9.64,38.3,12.1,6,2.55,12.8,17.6,,
351,Xavier,32,19,13,0.594,12.57,9.47,8,10,12,5,5,6,67.6,24.3,59.4,0.408,6.56,21.5,0.305,12.5,17.2,10.3,35.2,12,7.03,3.38,13.1,18,,
352,Yale,30,23,7,0.767,6.63,-1.51,11,3,10,1,11,6,65.1,23.5,59.1,0.397,7.4,23.9,0.309,10.8,15,7.9,32,11.9,6.73,3,12.1,17.4,,
353,Youngstown State,33,18,15,0.545,-5.56,-4.79,10,8,13,4,5,11,71.2,25.9,59.1,0.438,6.73,19.6,0.344,12.7,18.2,10.5,35.2,12.7,5.67,3.33,12.1,17.2,,