1,Abilene Christian,31,20,11,0.645,-2.87,-6.87,15,5,13,3,7,8,75.9,26.3,58.5,0.449,6.74,21.8,0.309,16.6,22.4,0.741,10.9,33.6,14.9,9.45,2.61,14.1,21.3,,
2,Air Force,32,12,20,0.375,-0.37,3.02,5,13,8,7,3,9,73.1,25.1,55,0.456,8.59,22.9,0.375,14.3,19.6,0.731,7.41,32.5,14.7,5.03,1.34,12.3,16.7,,
3,Akron,31,24,7,0.774,7.15,-0.4,14,4,15,2,8,4,75.7,25.4,57.7,0.44,9.26,25.6,0.361,15.6,20.3,0.772,9.74,37.7,13.1,5.1,2.94,12.8,17.7,,
4,Alabama A&M,30,8,22,0.267,-18.88,-8.85,5,13,6,5,2,16,61.5,21.9,57.6,0.38,5.13,18.3,0.281,12.6,18.8,0.671,9.53,34.5,10.9,5.8,2.1,13,17.9,,
5,Alabama-Birmingham,32,19,13,0.594,-0.94,-1.64,9,9,11,6,5,7,67.3,24.4,53.7,0.454,5.28,16.1,0.328,13.3,18.9,0.704,10.3,37.1,10.5,5.97,2.91,14.7,16.5,,
6,Alabama State,32,8,24,0.25,-16.15,-6.53,7,11,4,5,2,16,61.4,21.3,55.1,0.387,6.5,21.5,0.303,12.2,19.7,0.622,9.22,32.2,10.2,6.25,2.19,16,19.9,,
7,Alabama,31,16,15,0.516,11.12,8.12,8,10,10,5,4,8,82,27.5,63.1,0.437,10.8,30.9,0.349,16.1,23.3,0.693,11.6,39.4,14.2,6.32,4.39,14.9,20.1,,
8,Albany (NY),32,14,18,0.438,-8.78,-5.91,7,9,7,7,5,11,66.5,22.7,55.3,0.41,7.97,24.2,0.329,13.2,18.8,0.703,8.09,34.3,12.8,5.59,2.81,13.6,16.7,,
9,Alcorn State,30,15,15,0.5,-14.64,-9.64,11,7,11,2,4,13,75,26.1,61.2,0.427,8.93,24.4,0.366,13.8,18.6,0.744,11,37.2,13.5,7.97,3.27,14.4,18.3,,
10,American,30,16,14,0.533,-4.37,-6.5,12,6,10,4,6,10,71.6,26.5,58.1,0.457,6.87,20.2,0.34,11.7,16.6,0.703,8.9,32.6,12.8,8,3.53,12.3,17.4,,
11,Appalachian State,33,18,15,0.545,-0.81,-0.01,11,9,10,5,7,9,68.4,23.5,54.5,0.431,6.42,21.2,0.303,15,22.5,0.667,9.79,34.9,11.5,7.45,2.24,13.3,15.6,,
12,Arizona State,31,20,11,0.645,11.46,8.1,11,7,13,3,6,5,73.8,26.3,61.4,0.429,7.32,22.7,0.323,13.8,19.9,0.695,10.1,36,11.1,8.03,3.35,13.2,18.6,,
13,Arizona,32,21,11,0.656,19.49,8.4,10,8,13,4,4,6,76.4,26.6,59.5,0.446,7.28,20.7,0.352,16,21.8,0.732,10.9,37.4,15.4,6.75,3.72,11.8,18.5,,
14,Little Rock,31,21,10,0.677,2.27,-1.07,15,5,13,2,8,8,73.2,25.1,53.3,0.47,6.06,17.5,0.346,17,24,0.71,9.9,35.4,14.9,6.9,3.65,15.5,18.6,,
15,Arkansas-Pine Bluff,30,4,26,0.133,-21.65,-6.41,3,15,2,8,2,18,53.8,19.6,49.4,0.396,3.77,14.3,0.263,10.9,18.5,0.588,8.9,31.3,9.6,7.2,3.23,17.7,20.6,,
16,Arkansas State,32,16,16,0.5,-2.92,-0.72,8,12,10,7,6,9,70.7,23.4,53.7,0.437,5.75,17,0.338,18.1,25.4,0.71,9.88,32.9,13.8,6.88,2.66,13,20.5,,
17,Arkansas,32,20,12,0.625,13.46,7.27,7,11,14,4,4,8,75.8,25.3,57,0.443,7.59,22.8,0.334,17.7,24.3,0.731,7.47,31.6,11.9,7.91,3.88,11.5,19.9,,
18,Army,30,15,15,0.5,-9.1,-6.68,10,8,9,6,6,9,70.9,27.4,58.1,0.471,7.17,21.5,0.333,9.03,14.7,0.615,6.7,33.9,16.2,5.57,1.63,11.8,14.8,,
19,Auburn,31,25,6,0.806,15.04,7.39,12,6,16,1,5,5,78,26.1,60.3,0.433,8.13,26.6,0.306,17.8,26.4,0.674,13.6,40.8,12.8,6.42,4.87,12.9,19.2,,
20,Austin Peay,33,21,12,0.636,-0.98,-4.14,14,4,14,0,5,10,76.3,27,58.9,0.459,6.76,19.5,0.346,15.5,21.7,0.716,11.8,36,13.2,6.61,3.03,12.8,18.3,,
21,Ball State,31,18,13,0.581,4.12,-1.65,11,7,11,4,5,7,69.5,24.2,56.6,0.427,9.13,27.2,0.336,12.1,17.4,0.693,8.77,36.1,13.5,6.65,3.39,13.3,16,,
22,Baylor,30,26,4,0.867,20.13,9.13,15,3,14,1,8,2,71.1,25.4,59.3,0.429,7.67,21.9,0.351,12.6,18.3,0.69,12.9,36.9,13.8,8.13,4.4,11.9,17,,
23,Belmont,33,26,7,0.788,4.3,-6.23,15,3,13,1,11,5,79.6,29.9,62.8,0.475,9.7,27.5,0.352,10.2,14.2,0.713,8.79,37.3,18.3,7.55,3.21,11.9,15.1,,
24,Bethune-Cookman,30,16,14,0.533,-10.16,-8.98,10,6,10,1,4,13,74.6,26.1,61.4,0.425,6.13,19.2,0.319,16.4,23.4,0.7,11.8,39.2,12.1,7.23,2.97,15.5,19.7,,
25,Binghamton,29,10,19,0.345,-15.03,-4.62,4,12,7,7,3,12,69.4,24.7,60.3,0.41,9.59,28.9,0.331,10.4,14.4,0.724,9.59,34.9,11.7,5.21,3.03,12.3,16.5,,
26,Boise State,32,20,12,0.625,8.59,4.39,11,7,13,2,4,8,75.9,25.9,57.9,0.447,8.41,24.4,0.344,15.7,20.9,0.751,8.91,34.8,13,5.69,1.44,12.5,17.2,,
27,Boston College,32,13,19,0.406,1.82,7.86,7,13,8,10,4,8,64.6,23.2,57.6,0.402,7.19,23.3,0.308,11,16.8,0.659,9.41,33.1,12.6,7.66,2.56,13.7,15.8,,
28,Boston University,34,21,13,0.618,-1.87,-5.3,12,6,12,3,9,8,70.9,27,58.8,0.46,6.59,20.2,0.326,10.2,15.9,0.644,10.1,36.1,12.6,5.5,2.26,11.3,15.1,,
29,Bowling Green State,31,21,10,0.677,0.47,0.2,12,6,13,2,5,5,74.5,26.5,63.5,0.418,7.81,23.1,0.338,13.7,18.2,0.752,11.3,39.9,12.3,5.45,2.29,11.1,17.6,,
30,Bradley,34,23,11,0.676,5.33,0.33,11,7,15,2,4,8,71.7,25.6,58.1,0.441,6.76,18.2,0.372,13.6,18.6,0.735,11.1,38.5,13.4,4.79,4.06,11.8,16.5,,
31,Brigham Young,32,24,8,0.75,16.93,6.45,13,3,14,1,6,5,79.6,29.7,59.3,0.5,10.4,24.5,0.423,9.94,14.2,0.7,6.53,33.2,17.3,5.81,2.09,11,16,,
32,Brown,27,15,12,0.556,-4.45,-1.72,8,6,10,4,5,8,67,23.2,58.4,0.397,6.78,22.2,0.305,13.9,19,0.73,12.3,38.3,11.3,6.63,4.37,15,16.7,,
33,Bryant,32,15,17,0.469,-6.7,-6.67,7,11,9,5,6,12,71,25.1,60.4,0.415,8.41,26.2,0.321,12.4,18.4,0.677,12.2,40.3,13.8,6.47,4.38,14.4,18.4,,
34,Bucknell,34,14,20,0.412,-7.73,-4.32,8,10,9,4,4,14,67.6,24.1,57.2,0.422,8.21,23.9,0.343,11.2,16.3,0.687,8.41,32.4,12.1,7.15,3.44,13.3,18.6,,
35,Buffalo,32,20,12,0.625,1.8,0.06,11,7,10,7,7,4,78.6,29,66.8,0.433,8.16,25.3,0.323,12.5,18.7,0.671,14.5,42,14.8,7.78,4.59,13.7,18.8,,
36,Butler,31,22,9,0.71,15.56,9.14,10,8,14,3,5,6,68.5,25,54.4,0.46,6.84,20,0.341,11.6,16,0.728,9.03,34.8,12.7,5.32,2.65,11.3,16.7,,
37,Cal Poly,30,7,23,0.233,-10,-0.42,4,12,7,6,0,15,67.6,23.7,56.2,0.421,6.67,19.1,0.349,13.6,19.6,0.693,8.13,32.6,10.4,6.4,2.47,13.6,21,,
38,Cal State Bakersfield,31,12,19,0.387,-7.11,-3.26,6,10,9,7,3,12,68,25.3,58.2,0.435,4.97,15.8,0.314,12.4,18.2,0.684,12.8,37.3,11.7,6.26,3.03,13.6,21.4,,
39,Cal State Fullerton,31,11,20,0.355,-6.79,-1.38,6,10,6,8,4,11,68.6,24.2,56,0.432,6.26,18.9,0.331,14,20.8,0.672,8.06,33.5,11.5,5.1,3,13.1,18.5,,
40,Cal State Northridge,32,15,17,0.469,-6.37,-0.97,10,6,10,4,5,12,76.1,27.4,60.2,0.456,7.59,20.4,0.373,13.7,18.8,0.726,9.06,33.4,14,5.66,3.16,11.3,17.3,,
41,California Baptist,31,21,10,0.677,-1.99,-6.66,10,6,15,5,6,5,79.5,26.6,60.3,0.442,9.87,26,0.38,16.4,20.8,0.786,11.6,41,14.4,4.16,3.48,12.8,18.4,,
42,UC-Davis,32,14,18,0.438,-4.7,-2.63,8,8,8,4,5,12,72.8,25.5,55.3,0.461,8.09,20.4,0.397,13.7,17.4,0.787,7.31,30.7,12.8,5.78,1.78,12.8,18.5,,
43,UC-Irvine,32,21,11,0.656,3.73,-2.18,13,3,11,2,8,8,74,27.8,58.7,0.473,6.19,17.5,0.354,12.3,16.6,0.739,11.4,39.5,14.8,6.44,3.72,13.8,18.4,,
44,UC-Riverside,32,17,15,0.531,-3.63,-4.18,7,9,11,5,6,10,64.3,23.3,53.3,0.436,7.94,22.6,0.352,9.91,14.4,0.689,8.75,35.8,12.3,4.97,2.69,13.2,17.5,,
45,UC-Santa Barbara,31,21,10,0.677,-0.57,-4.06,10,6,13,3,8,7,70.8,24.7,53.9,0.458,6.45,18.9,0.342,15,19.8,0.756,10.3,34.2,13.9,4.74,2.52,11.8,16.8,,
46,University of California,32,14,18,0.438,3.2,9.05,7,11,12,5,1,10,63.2,22.1,52.5,0.421,5,14.9,0.335,14,18.9,0.738,8.06,32.6,9.19,4.03,2.5,12.8,18.8,,
47,Campbell,31,15,16,0.484,-8.51,-8.1,6,12,8,5,6,10,68.7,25.2,54.8,0.459,7.97,22.8,0.35,10.4,14.2,0.731,7,30.6,14.9,7.19,2.94,12.8,17.6,,
48,Canisius,32,12,20,0.375,-7.6,-5.44,7,13,7,6,4,12,68.6,25.2,58.2,0.433,6.03,20,0.302,12.2,17.6,0.696,10.3,33.5,14.1,7.09,2.5,14.3,18.8,,
49,Central Arkansas,31,10,21,0.323,-11.26,-2.7,9,11,8,4,2,16,74.7,25.1,59.4,0.422,7.45,24,0.31,17.1,23.9,0.717,10.6,38.3,14.5,5.29,5.13,17.7,20.5,,
50,Central Connecticut State,31,4,27,0.129,-20.33,-4.63,3,15,4,9,0,16,63.2,22.7,57.2,0.398,6.45,18.1,0.357,11.3,16.6,0.676,8.48,31.9,10.1,6.42,3.39,14.2,18.7,,
51,Central Florida,30,16,14,0.533,5.13,4.13,7,11,10,6,4,7,68.9,24.6,57.1,0.431,7.1,22,0.323,12.5,17.6,0.711,10,34.6,13.5,6.5,2.9,13.8,16.6,,
52,Central Michigan,32,14,18,0.438,-3.4,-0.26,7,11,12,4,2,14,78.3,27.4,63.7,0.43,7.72,23.8,0.324,15.8,21.3,0.746,10.9,36,11.6,9.13,2.5,12.7,16.3,,
53,Charleston Southern,32,14,18,0.438,-13.14,-6.98,7,11,9,6,5,11,68.8,24.8,58,0.427,8.06,24.8,0.325,11.3,15.2,0.741,8.13,32.2,13.3,5.94,2.56,12.6,15.4,,
54,Charlotte,29,16,13,0.552,0.46,-1.09,10,8,13,2,3,11,66.3,23.1,51,0.453,6.38,18.8,0.34,13.6,19.4,0.703,6.48,31.2,12.1,7.62,3.41,13.9,15.3,,
55,Chattanooga,33,20,13,0.606,0.39,-1.9,10,8,10,4,7,8,73,26.3,57.8,0.455,8.52,23.8,0.357,11.9,16.7,0.712,9.12,35.2,13.8,4.79,1.48,12,15.3,,
56,Chicago State,29,4,25,0.138,-28.2,-2.85,0,14,3,11,1,12,61.4,20.6,49.9,0.412,5.59,17.5,0.32,14.7,20.4,0.721,7.14,29.2,10.3,4.97,2.52,17.7,20.4,,
57,Cincinnati,30,20,10,0.667,12.33,6.73,13,5,13,2,5,6,72.7,25.4,57.1,0.445,6.57,20.6,0.319,15.3,22.6,0.677,11,37.7,14.6,6.53,4.87,14.4,18,,
58,Citadel,30,6,24,0.2,-13.82,-1,0,18,3,11,3,12,74.8,26.3,60.7,0.434,9.33,28.4,0.328,12.9,18.6,0.691,8.23,34.1,14.4,6.73,2.93,15.2,17.1,,
59,Clemson,31,16,15,0.516,10.26,7.88,9,11,11,6,3,8,66.5,23.7,55.4,0.428,8.1,25.7,0.315,11,16,0.686,8,33.7,12.9,6.81,2.39,12.5,15.2,,
60,Cleveland State,32,11,21,0.344,-11.16,-2.45,7,11,6,8,3,13,64.2,23.1,55.4,0.416,3.75,12.8,0.294,14.3,21.5,0.664,11.6,35,11.8,7.69,2.63,15.2,20.3,,
61,Coastal Carolina,33,16,17,0.485,-0.83,-0.31,8,12,9,9,7,7,78,27.7,61.5,0.451,7.33,21.8,0.337,15.2,21.2,0.716,13.3,40.3,13.5,7.52,2.79,16.1,22,,
62,Colgate,34,25,9,0.735,1.47,-5.63,14,4,15,2,9,7,76.1,27.4,61.1,0.448,10.1,28.1,0.357,11.2,15,0.748,10,36.6,14.4,6.06,2.88,10.9,15.1,,
63,College of Charleston,31,17,14,0.548,0.53,-0.84,11,7,10,5,6,6,70.2,24.4,55.4,0.44,7.65,22,0.347,13.8,18.2,0.761,7.68,32.5,10.9,6.68,2.52,10.8,16.9,,
64,Colorado State,32,20,12,0.625,6.7,3.96,11,7,12,4,5,6,75.5,26.3,56,0.469,8.06,22,0.366,14.8,21.9,0.679,8.88,35.7,15.5,6.53,2,13.1,15.3,,
65,Colorado,32,21,11,0.656,14.91,8.31,10,8,13,3,4,7,70.9,24.3,55.6,0.437,7.53,21.5,0.351,14.8,20.1,0.736,10.1,36.8,13.2,5.72,3.06,13.2,14.7,,
66,Columbia,30,6,24,0.2,-10.19,-2.5,1,13,5,7,0,16,66.3,24.8,60.6,0.409,6.73,22.4,0.301,9.93,13.6,0.73,7.6,34.4,10.9,5.47,3.1,11.2,15.5,,
67,Connecticut,31,19,12,0.613,11.15,5.34,10,8,14,3,3,7,72.8,25.2,60.1,0.42,6.97,21.5,0.324,15.4,20.8,0.742,12.7,37.9,12.9,7.1,5.97,14.2,18.6,,
68,Coppin State,31,11,20,0.355,-14.36,-8.27,7,9,5,5,6,15,68,23.7,60.4,0.393,7.97,28.4,0.281,12.6,19.8,0.636,9.39,38.1,10.2,6.74,3.03,14.4,17.6,,
69,Cornell,27,7,20,0.259,-8.37,-1.85,4,10,6,6,1,14,67.3,24.8,56.3,0.44,7.19,22.1,0.325,10.6,15.1,0.699,8.37,32.1,14.1,6.74,2.89,11.6,17,,
70,Creighton,31,24,7,0.774,17.24,9.61,13,5,17,1,6,5,78.3,27.9,59.3,0.471,9.74,25.3,0.386,12.7,17.2,0.739,7.94,34.8,15.8,6.55,2.55,10.9,15.2,,
71,Dartmouth,29,12,17,0.414,-4.17,-3.2,5,9,6,6,5,10,65.3,24.1,54.6,0.442,6.93,21.7,0.32,10.1,14.9,0.677,6.72,35,12.6,4.62,2.55,12.2,16.7,,
72,Davidson,30,16,14,0.533,8.85,3.62,10,8,11,1,4,9,72.7,25.2,55.6,0.453,9.07,24.7,0.367,13.3,17.5,0.762,7.97,33.1,14.1,5.47,2.67,11,16.1,,
73,Dayton,31,29,2,0.935,19.17,3.69,18,0,17,0,9,0,80,29.2,55.6,0.525,8.03,21.7,0.371,13.6,18.9,0.72,7.81,35,17.6,5.68,3.52,12.2,17.1,,
74,Delaware State,32,6,26,0.188,-20.87,-9.54,4,12,3,11,2,13,73.4,25.8,62.6,0.411,7.78,24.7,0.315,14.2,20.7,0.685,10.5,35.7,10.4,6.88,2.22,15.3,20.7,,
75,Delaware,33,22,11,0.667,-1.53,-3.84,11,7,10,3,7,6,74.3,26.7,55.5,0.481,7.61,21.4,0.356,13.3,17.5,0.758,7.64,33.5,13.1,5.45,3.3,12.8,16.5,,
76,Denver,31,7,24,0.226,-10.06,-1.99,3,13,6,8,0,14,68.9,24.8,55.9,0.444,5.23,16.3,0.321,14,20.3,0.689,7.13,33.5,11.2,5.87,2.29,13.8,20.2,,
77,DePaul,32,16,16,0.5,7.63,8.95,3,15,11,7,4,9,70.7,26,59.6,0.437,5.66,18.1,0.313,13,19.8,0.658,11.6,37.2,13.6,8.03,4.97,14.7,19.1,,
78,Detroit Mercy,31,8,23,0.258,-9.87,-1.9,6,12,5,8,2,14,70.2,23.4,59.7,0.391,8.48,26.3,0.323,15,19.1,0.782,11.6,36.1,10.4,5.77,3.03,13.6,16.8,,
79,Drake,34,20,14,0.588,0.43,0.61,8,10,14,2,2,10,69.4,25.1,54.8,0.458,7.21,20.9,0.345,11.9,16.7,0.714,7.5,33.8,14.9,5.5,3.88,12.9,16.6,,
80,Drexel,33,14,19,0.424,-5.38,-2.2,6,12,10,5,1,13,68.3,24.9,56.4,0.441,7.3,20.9,0.349,11.2,16.1,0.7,10.4,35.2,14.4,5.64,2.82,14.6,16.3,,
81,Duke,31,25,6,0.806,22.55,8,15,5,15,2,7,4,82.5,29.7,63.1,0.47,7,19.9,0.352,16.2,22.5,0.72,12.7,40.1,15.5,8.32,6.06,13.2,18,,
82,Duquesne,30,21,9,0.7,6.77,1.67,11,7,10,4,6,3,71.5,25.3,57,0.443,7.83,24.6,0.318,13.2,18.7,0.703,10,34.6,14.3,6.9,5.37,12.6,15.4,,
83,East Carolina,31,11,20,0.355,-2.27,1.82,5,13,9,7,1,11,68.1,23.9,56.7,0.421,5.23,18.6,0.281,15.1,20.9,0.722,9.58,35.3,13.7,6.52,3,13.7,20.7,,
84,East Tennessee State,34,30,4,0.882,7.63,-1.82,16,2,16,1,11,3,76.3,27,56.9,0.475,7.65,22.1,0.346,14.6,21,0.694,10.9,35.5,13.9,8.18,3.56,12.1,17.6,,
85,Eastern Illinois,32,17,15,0.531,-5.08,-7.41,9,9,10,2,5,11,74.3,27.8,60.8,0.458,6.72,19.7,0.342,11.9,18.1,0.66,10.7,36.5,14,7.66,4.41,12.6,16.4,,
86,Eastern Kentucky,33,16,17,0.485,-9.17,-4.46,12,6,10,4,5,10,74.7,26,63.2,0.411,8.12,25.3,0.321,14.6,20.1,0.726,10.1,33.7,12,9.3,2.12,14,18.2,,
87,Eastern Michigan,32,16,16,0.5,-3.12,0.95,6,12,11,4,3,12,64.9,22.7,53.2,0.426,5.63,20.1,0.28,14,22.3,0.627,9.78,33.9,9.72,9.81,3.28,14.3,17,,
88,Eastern Washington,31,23,8,0.742,2.01,-1.81,16,4,13,2,10,6,80.9,29.5,64.1,0.46,9.29,26.6,0.349,12.7,18.4,0.694,10.6,38.3,17.5,7.13,3.61,12.8,18.6,,
89,Elon,34,13,21,0.382,-7.81,-2.03,7,11,8,8,3,12,68.7,23.7,56.8,0.417,10.2,28,0.363,11.2,15.2,0.736,8.29,32.6,13.3,4.71,1.88,11.5,19.4,,
90,Evansville,32,9,23,0.281,-7.04,0.61,0,18,5,10,3,10,67.2,23.3,55.3,0.422,7.53,23.4,0.321,13,17.8,0.73,7,31.4,12.3,4.75,2.31,12.7,16.7,,
91,Fairfield,32,12,20,0.375,-9.65,-4.81,8,12,5,8,6,9,58,20.3,52.2,0.39,4.31,15.2,0.284,13,18.8,0.695,10.2,34.3,8.63,5.13,2.75,13.8,16.4,,
92,Fairleigh Dickinson,30,11,19,0.367,-9.94,-5.87,9,9,7,5,4,14,72.2,26.2,58,0.452,7.4,20.7,0.357,12.4,17.1,0.723,9.1,33.6,11.9,6.37,3.3,13,16.3,,
93,Florida A&M,27,12,15,0.444,-12.17,-6.24,10,6,8,0,4,13,67.6,24.6,58.6,0.42,3.96,14,0.284,14.4,22.7,0.635,12,35,10.1,7.48,1.89,15.4,19.2,,
94,Florida Atlantic,32,17,15,0.531,-1.66,-1.25,8,10,14,3,2,12,71.1,25.7,60.3,0.426,8.31,25.4,0.327,11.4,16.2,0.703,10.7,36.5,12.2,7.31,2.06,13.3,16.9,,
95,Florida Gulf Coast,32,10,22,0.313,-10.26,-4.3,7,9,6,10,4,12,61.8,22.8,55.7,0.41,7.28,23.2,0.314,8.88,12.9,0.689,9.81,34.2,12.8,6.09,4.38,15.5,15.9,,
96,Florida International,32,19,13,0.594,0.9,-1,9,9,11,3,6,9,76.7,28.1,61.5,0.456,8.94,25.6,0.349,11.7,17.9,0.65,10.8,35.7,14.7,8.75,6.44,15.1,17.3,,
97,Florida State,31,26,5,0.839,17.28,7.64,16,4,16,0,7,5,75.4,27.2,59.6,0.457,7.42,21.1,0.351,13.5,18,0.75,11.3,35.5,13.2,8.81,5.23,13.2,17.5,,
98,Florida,31,19,12,0.613,14.94,9.1,11,7,11,4,4,7,71.9,25.5,55.8,0.457,7.13,20.5,0.347,13.7,19,0.723,10.1,34.8,11.9,5.74,3.9,11.9,17,,
99,Fordham,31,9,22,0.29,-3.58,-0.45,2,16,6,12,1,8,58.6,20.8,54.3,0.384,7.19,22.6,0.318,9.71,14.7,0.662,7.61,32.9,11.3,7.06,2.58,12.4,17.3,,
100,Fresno State,30,11,19,0.367,2.08,3.39,7,11,7,7,4,10,69.2,23.8,56.8,0.418,9.47,27.8,0.34,12.2,17.3,0.703,11,37.1,12.4,4.9,3.77,12.8,16.5,,
101,Furman,32,25,7,0.781,6.79,-1.55,15,3,14,1,10,5,76.8,27.5,58,0.474,9.44,26.8,0.352,12.3,17.5,0.701,7.78,31.6,14.8,8.25,2.81,11.4,15.5,,
102,Gardner-Webb,32,16,16,0.5,-5.56,-5.83,11,7,7,5,6,10,72.4,25.3,56.5,0.448,7.94,22.1,0.36,13.9,20,0.694,9.34,34.9,13.7,6.28,4.69,12.5,16.3,,
103,George Mason,32,17,15,0.531,0.86,1.48,5,13,10,7,3,8,67.1,23.9,56.4,0.424,5.91,19.4,0.304,13.4,19.4,0.691,11.9,37.3,10.9,6.06,4.66,13.6,16.8,,
104,George Washington,32,12,20,0.375,-3.99,0.92,6,12,7,9,3,9,65.2,22.8,53.9,0.422,7.34,22.9,0.321,12.3,17.7,0.698,7.78,33,11.9,5.38,4.06,13.1,16.6,,
105,Georgetown,32,15,17,0.469,10.38,9.6,5,13,10,8,4,7,74.7,26.3,60,0.437,6.44,18.6,0.346,15.7,20.4,0.771,11.7,38.2,15,6.25,4.06,13.5,16,,
106,Georgia Southern,33,20,13,0.606,1.69,-0.83,12,8,11,4,8,8,75.6,26.5,60,0.442,7.88,24,0.328,14.7,21.8,0.674,9.85,35.6,12.3,7.88,3.85,13,16.4,,
107,Georgia State,32,19,13,0.594,3.09,0.13,12,8,12,3,6,10,78.1,27.5,62.7,0.438,8.69,24,0.362,14.5,19.6,0.74,11.6,36.8,14.6,7.84,4.22,14.1,21.4,,
108,Georgia Tech,31,17,14,0.548,10.49,9.19,11,9,10,6,6,7,68.6,25.2,55.7,0.452,5.19,16.6,0.312,13,19.2,0.677,9.65,36.2,13.7,7.1,4.58,16.2,19.1,,
109,Georgia,32,16,16,0.5,8.28,8.06,5,13,12,5,3,9,75.9,27.3,60.7,0.451,6.97,23.2,0.3,14.2,20.3,0.702,11.8,37.8,13.5,7.13,3.25,14.7,18.9,,
110,Gonzaga,33,31,2,0.939,22.7,3.13,15,1,17,0,10,1,87.4,31.8,61.7,0.515,7.45,19.3,0.386,16.5,23.9,0.688,11.4,40.1,16.7,7.36,3.85,11.2,14.7,,
111,Grambling,32,17,15,0.531,-12.39,-9.79,11,7,11,2,6,12,71.3,26,57.4,0.453,4.84,15.8,0.306,14.4,21.1,0.682,10.3,35.8,12.9,7.47,4,14.3,18.4,,
112,Grand Canyon,30,13,17,0.433,-6.32,-4.05,8,8,8,8,4,6,70.5,24.7,54.7,0.451,6,18,0.333,15.2,20.4,0.746,7.47,32.5,11.8,4.8,1.3,11.5,16.2,,
113,Green Bay,33,17,16,0.515,-4.8,-2.8,11,7,10,5,7,10,81.6,29.3,63.9,0.459,7.64,20.7,0.369,15.3,20.3,0.756,9.85,36.4,16.2,6.91,3.09,12.5,19.2,,
114,Hampton,34,15,19,0.441,-12.02,-5.8,8,10,11,5,3,13,77.5,27.2,59.6,0.456,6.26,18.9,0.332,16.9,24.1,0.699,10.2,36.7,14.6,5.03,3.76,11.7,19.1,,
115,Hartford,33,18,15,0.545,-6.79,-6.02,9,7,9,8,9,7,66.7,23.4,56.1,0.418,7.67,22.5,0.341,12.2,17.3,0.703,8,34,13,7.3,2.36,13.5,17.4,,
116,Harvard,29,21,8,0.724,3.06,-1.55,10,4,11,1,9,4,72.9,26.3,57.9,0.454,7.21,21.9,0.329,13.1,18.7,0.701,10.5,38.3,11.8,6.45,5.28,13.9,17.4,,
117,Hawaii,30,17,13,0.567,-1.27,-2.1,8,8,14,6,3,7,68.6,24.4,57.2,0.426,7.17,21.7,0.33,12.7,18,0.704,9.57,33.6,13.4,5.47,2.1,13.1,17.6,,
118,High Point,32,9,23,0.281,-16.31,-5.34,6,12,6,9,3,14,65.9,22.2,54.7,0.406,6.19,19.3,0.32,15.3,21.9,0.699,11.3,34.6,12.2,5.13,3.56,14.3,18.4,,
119,Hofstra,34,26,8,0.765,3.06,-3.85,14,4,10,4,11,4,76.4,26.3,58.6,0.45,8.29,22.1,0.375,15.4,19.7,0.783,10.4,34.8,12.3,6.91,2.15,11.3,14.2,,
120,Holy Cross,32,3,29,0.094,-18.07,-4.26,2,16,2,12,0,16,65.8,24.7,57.2,0.431,6.84,21.5,0.318,9.66,14.4,0.67,8.75,32.3,11.6,4.88,2.75,14.3,17.8,,
121,Houston Baptist,29,4,25,0.138,-17.41,-3.62,4,16,2,9,2,15,80.1,27.5,62.1,0.443,7.45,20.5,0.364,17.6,23.6,0.747,12.2,36.1,12.8,5.66,2.21,16.8,20.2,,
122,Houston,31,23,8,0.742,16.46,6.3,13,5,14,2,6,6,72.3,25.4,60.3,0.422,6.97,20.7,0.337,14.5,19.8,0.73,14.4,41.5,12.9,5.19,4.87,11.9,19.6,,
123,Howard,33,4,29,0.121,-21.88,-7.98,1,15,2,13,1,14,69.9,24.5,58.2,0.42,7.48,21.8,0.344,13.4,19.3,0.695,9.7,33,13.4,5.45,3.61,14.7,18.5,,
124,Idaho State,30,8,22,0.267,-8.62,-1.62,4,16,4,9,3,13,69.8,25.3,55.5,0.457,6.4,18.4,0.348,12.7,19.4,0.656,9.7,32.8,11.7,4.57,2.43,13.5,15.3,,
125,Idaho,32,8,24,0.25,-12.07,-2.1,4,16,5,10,2,12,65.2,24.5,55.6,0.44,4.88,14.5,0.337,11.3,16.8,0.675,8.16,33.8,12,5.53,2.22,14.1,17.3,,
126,Illinois-Chicago,35,18,17,0.514,-3.74,-3.8,10,8,11,7,5,9,68.9,25.1,56.7,0.444,7.2,21.3,0.337,11.4,16.7,0.685,9.51,37.4,14.1,5.74,4.34,15.7,19.5,,
127,Illinois State,31,10,21,0.323,-2.7,1.97,5,13,9,6,1,11,66.1,23.9,56.3,0.424,8.32,23.4,0.355,10.1,14.2,0.711,8.87,33.5,12,5.77,2.48,14.4,17.1,,
128,Illinois,31,21,10,0.677,15.27,9.84,13,7,15,3,6,6,72.2,26.2,59.1,0.443,5.65,18.3,0.309,14.3,19.6,0.728,12.7,39.5,13.3,4.87,2.87,12.1,16,,
129,Incarnate Word,31,9,22,0.29,-18.57,-6.85,6,14,7,9,2,13,66.1,23.4,56.2,0.417,6.03,20.1,0.3,13.3,18,0.737,9.61,32.3,12.3,7.23,2.58,15.3,18.9,,
130,Indiana State,30,18,12,0.6,3.22,1.81,11,7,12,1,4,8,68.4,24.4,53.9,0.452,6.97,18.5,0.377,12.7,17.7,0.716,7.57,31.9,12.6,5.5,3.4,11.4,17,,
131,Indiana,32,20,12,0.625,15.07,10.35,9,11,15,4,2,8,71.4,25.4,57,0.445,5.5,16.9,0.326,15.2,22.4,0.679,11.3,37.8,12.9,5.59,4.38,12.6,17.2,,
132,Iona,29,12,17,0.414,-6.23,-5.37,9,11,5,6,4,9,70,24,54.7,0.439,7.72,23.2,0.333,14.2,18.4,0.77,7.97,33.5,13.2,6.86,3.72,14.2,18.6,,
133,Iowa State,32,12,20,0.375,9.1,10.07,5,13,11,6,0,11,72,26.1,59.5,0.439,7.09,22.4,0.316,12.7,17,0.746,10.2,34.3,13.8,7.44,4.22,13.3,16.2,,
134,Iowa,31,20,11,0.645,16.07,10.62,11,9,14,2,4,7,77.7,27.2,60.3,0.451,7.87,22.7,0.347,15.5,20.7,0.75,11.5,37.5,17.4,6.16,3.87,12.1,16,,
135,Purdue-Fort Wayne,33,14,19,0.424,-7.87,-3.2,6,10,10,5,3,13,68.5,25.2,58.9,0.427,8.3,26.3,0.316,9.91,14.8,0.67,10.3,35.3,12.6,7.42,2.7,13.8,15.8,,
136,IUPUI,32,7,25,0.219,-14.89,-3.39,3,15,4,9,3,14,70.5,25.1,60.8,0.413,7.94,23.5,0.337,12.4,19.2,0.645,11.3,35.6,13.5,6.47,2.47,13.9,17.8,,
137,Jackson State,32,15,17,0.469,-10.91,-8.61,11,7,9,3,6,14,67.3,24.6,58,0.424,4.47,16.9,0.264,13.6,20.3,0.672,9.31,32.4,11.3,8.13,3.66,12.8,19.6,,
138,Jacksonville State,32,13,19,0.406,-8.29,-6.36,8,10,8,6,4,11,71.7,26.4,59.2,0.446,7.06,21.3,0.332,11.9,17.2,0.691,11.1,36.4,13.7,6.31,2.56,14.1,15.8,,
139,Jacksonville,32,14,18,0.438,-6.5,-5.63,7,9,6,7,7,9,66.8,24.3,56.7,0.429,6.41,20.1,0.319,11.8,17.6,0.67,10.2,38,11.1,5.03,2.84,13.8,15.6,,
140,James Madison,30,9,21,0.3,-9.23,-2.78,2,16,6,9,3,11,71.9,25,59.6,0.42,7.7,24,0.32,14.2,21.7,0.653,10.1,37.6,12.3,6.23,2.9,12.4,17.4,,
141,Kansas State,32,11,21,0.344,8.7,9.48,3,15,9,7,1,10,64.2,22.5,54.4,0.414,6.66,21.3,0.313,12.5,18.9,0.661,10.3,32.8,12.4,8.66,2.44,14.3,19.1,,
142,Kansas,31,28,3,0.903,24.96,11.63,17,1,14,1,11,1,74.6,27.5,56.7,0.484,6.42,18.6,0.344,13.3,19.9,0.667,10.7,38.6,13.9,7.65,4.68,12.8,14.6,,
143,Kennesaw State,29,1,28,0.034,-22.6,-2.63,0,16,1,10,0,16,55.2,19.3,54.5,0.354,4.17,16.8,0.248,12.4,17.7,0.704,9.66,32.1,8.1,5.03,1.97,14.7,16.9,,
144,Kent State,32,20,12,0.625,3.68,-0.72,9,9,14,3,5,7,76.3,27.7,61,0.454,8.38,24.7,0.339,12.6,17.3,0.727,10.8,36.2,13.9,6.81,4.13,12.7,18.6,,
145,Kentucky,31,25,6,0.806,15.78,7.46,15,3,16,2,8,2,74.4,25.6,55.6,0.461,5.06,14.8,0.343,18.1,22.7,0.797,9.68,36.6,13.4,5.23,4.94,12.5,18.3,,
146,La Salle,30,15,15,0.5,-0.23,1.71,6,12,8,7,4,8,68,23.7,57.3,0.414,8,23.8,0.336,12.6,18.9,0.665,10.4,34.9,13,8.03,3.1,14.7,19.5,,
147,Lafayette,31,19,12,0.613,-5.91,-5.94,10,8,9,5,10,7,70.1,25.7,56.9,0.452,8.55,25,0.342,10.1,13.6,0.742,7.68,34.8,15.3,4.74,4.45,12.1,14.3,,
148,Lamar,32,17,15,0.531,-7.24,-6.45,10,10,10,5,6,10,72.3,26,59.5,0.437,5.91,17.9,0.33,14.4,20.4,0.705,11.3,35.6,13.3,8.88,4.56,14.6,16.6,,
149,Lehigh,32,11,21,0.344,-10.93,-3.9,7,11,8,6,3,15,68.3,25.8,57.7,0.447,5.63,16.8,0.335,11,15,0.733,8.81,34.7,12.6,5.44,2.41,13.8,17.6,,
150,Liberty,34,30,4,0.882,5.15,-7.26,13,3,17,0,7,4,68.6,24.7,51.6,0.479,7.65,20.9,0.366,11.5,16.1,0.713,7.35,33.3,13.1,5.65,2.79,9.35,13.4,,
151,Lipscomb,32,16,16,0.5,-7.08,-4.45,9,7,9,5,7,11,70.5,26.1,57.8,0.451,6.81,20,0.341,11.5,16.7,0.692,9.34,35.3,13.2,5.38,2.59,12.8,15.3,,
152,Cal State Long Beach,32,11,21,0.344,-8.72,1.08,6,10,8,6,2,13,67.4,24.1,55.9,0.432,5.84,16.7,0.351,13.3,19,0.7,8.78,34.1,11.1,5.91,4.13,16.1,17.7,,
153,Long Island University,33,15,18,0.455,-8.38,-6.16,9,9,8,6,6,11,75.9,26.3,59.6,0.441,9.45,27.5,0.344,13.9,19.4,0.715,7.73,34.1,14.3,6.76,3.36,14,17,,
154,Longwood,32,14,18,0.438,-12.45,-9.31,9,9,8,6,6,11,67.1,22.5,55.7,0.404,9.16,26.8,0.342,13,18.5,0.701,8.5,34.3,10.9,6.72,2.09,13.7,18.6,,
155,Louisiana,33,14,19,0.424,-4.6,-0.67,8,12,10,6,3,12,73.2,25,59.8,0.418,7.85,24.4,0.321,15.4,20.7,0.743,10.6,35.2,11.5,6,3.12,14.1,17.7,,
156,Louisiana-Monroe,29,9,20,0.31,-6.5,-0.16,5,15,7,8,2,12,63.1,22.5,53.7,0.42,6.21,18.6,0.334,11.9,17.4,0.682,8.97,33.8,11.6,4.48,3.31,13.6,16.8,,
157,Louisiana State,31,21,10,0.677,14.43,7.2,12,6,15,2,5,6,80.5,28.6,60.6,0.471,6.81,20.8,0.327,16.5,21.5,0.769,12.1,39.7,12.8,6.29,3.9,12.6,16,,
158,Louisiana Tech,30,22,8,0.733,7.06,-1.48,13,5,15,1,7,7,74.5,27.4,58.8,0.466,8.37,23.5,0.357,11.4,17.1,0.668,10.5,37,13.4,7.4,2.5,12.4,16.9,,
159,Louisville,31,24,7,0.774,17.94,7.55,15,5,17,1,6,5,74.1,26.1,57.6,0.453,8.23,21.9,0.376,13.6,18.6,0.731,10.8,38.6,14,5.06,2.68,12.1,16.9,,
160,Loyola (IL),32,21,11,0.656,5.7,0.54,13,5,14,2,5,6,68.7,25.1,50.5,0.497,5.78,15.8,0.367,12.7,19.6,0.65,6.25,30.1,14.3,7.88,1.59,12.8,13.8,,
161,Loyola Marymount,32,11,21,0.344,-1.09,3.88,4,12,7,9,2,9,64.3,23.5,50.5,0.465,5.41,17.5,0.309,11.9,17.5,0.681,7.88,30,11.6,5.84,2.09,14,18.9,,
162,Loyola (MD),32,15,17,0.469,-9.59,-7.23,7,11,9,4,5,13,73.4,25.9,55.8,0.465,6.63,20.7,0.32,14.9,23.3,0.637,8.78,34.5,15.5,6.75,2.91,13.7,17.6,,
163,Maine,31,9,22,0.29,-11.88,-3.71,5,11,5,7,3,15,61.4,22.2,54.6,0.407,6.65,23.6,0.281,10.3,14.5,0.711,9.68,34.3,13.8,6.94,3.45,15,17.6,,
164,Manhattan,31,13,18,0.419,-8.42,-6.26,8,12,7,6,5,11,62.1,21.8,55.1,0.396,6.77,21.9,0.309,11.7,18.8,0.621,11.1,34.5,12.6,7.03,3.97,13.9,20.5,,
165,Marist,30,7,23,0.233,-12.22,-7.08,6,14,4,10,3,12,60.5,21.3,54.5,0.391,7.43,21.8,0.341,10.5,16.2,0.648,9.23,33.7,10.5,6.8,2.93,14,18.4,,
166,Marquette,30,18,12,0.6,15.44,9.3,8,10,13,3,3,8,77.8,25.3,58.8,0.43,10,26.2,0.382,17.1,23.1,0.743,10.6,39.8,13.5,5.13,4.23,13.7,19.1,,
167,Marshall,32,17,15,0.531,1.7,-0.05,10,8,10,6,5,9,75.9,28,63.4,0.442,7.66,24.5,0.313,12.2,18.4,0.663,10.8,38.8,14.2,8.13,5.94,14.7,18.8,,
168,Maryland-Baltimore County,33,16,17,0.485,-8.08,-4.43,8,8,11,5,5,10,68.3,24.7,55.8,0.443,6.94,21.9,0.317,11.9,18.5,0.645,9,34.4,12.3,5.39,2.39,12.6,16.1,,
169,Maryland-Eastern Shore,32,5,27,0.156,-22.03,-6.45,4,12,4,6,1,20,57.5,21.1,58.4,0.362,5.84,23.3,0.251,9.44,14.9,0.632,10.4,34.2,11.1,7.69,3.19,14.8,18.1,,
170,Maryland,31,24,7,0.774,17.82,10.5,14,6,16,1,5,6,71.8,24,57.2,0.419,7.68,24.7,0.311,16.1,21.6,0.747,11.2,38.2,13.2,4.58,4.32,11.3,14.9,,
171,Massachusetts-Lowell,32,13,19,0.406,-8.19,-5.35,7,9,8,9,5,10,74.6,26.2,57.2,0.458,6.94,20.5,0.339,15.3,21.5,0.712,9.41,34,14.4,6.91,2.59,13.4,16.8,,
172,Massachusetts,31,14,17,0.452,1.12,3.79,8,10,11,5,3,9,68.5,24.5,57.4,0.426,7.58,23.1,0.329,12,17.2,0.701,8.97,32.5,13.3,6.81,3.19,13.1,18.3,,
173,McNeese State,32,15,17,0.469,-9.11,-6.93,10,10,10,5,5,11,79.4,28.5,57.3,0.497,8.41,21.1,0.399,14,19.4,0.724,10,36,16.3,6.59,3.88,15.9,16.7,,
174,Memphis,31,21,10,0.677,12.16,5.07,10,8,15,3,5,6,72,25,56.9,0.44,6.58,20,0.329,15.4,22.7,0.679,10.5,40,14.1,7.81,5.94,16.5,19.6,,
175,Mercer,32,17,15,0.531,-3.13,-2.7,11,7,9,6,8,6,71.7,26.5,58.9,0.449,7.69,21.4,0.359,11.1,15.3,0.722,10.4,36.6,14.4,6.59,2.59,14.5,18.8,,
176,Merrimack,31,20,11,0.645,-6.93,-6.53,14,4,10,2,9,8,62.8,22.7,54.3,0.419,7.97,23.5,0.339,9.39,13.8,0.681,7.84,28.7,12.8,9.94,2.97,11.9,17.3,,
177,Miami (FL),31,15,16,0.484,6.63,8.66,7,13,9,5,4,8,71.2,25.7,59.8,0.429,7.06,22.3,0.317,12.8,16.8,0.759,9.42,34.5,10,5.9,3.84,12.1,14.4,,
178,Miami (OH),32,13,19,0.406,-4.17,-0.57,5,13,10,6,2,11,70.9,25.4,60,0.424,8.38,24.7,0.339,11.7,16,0.727,9.5,35.3,12,5.13,2.34,11.3,18.3,,
179,Michigan State,31,22,9,0.71,21.92,10.76,14,6,12,3,7,4,75.9,27.3,59.1,0.461,7.71,22.2,0.348,13.7,18.2,0.75,11.1,40.6,17.7,5.13,5.03,12.5,16.9,,
180,Michigan,31,19,12,0.613,17.94,11.17,10,10,11,5,4,7,75,27.8,60.1,0.462,7.97,23.5,0.339,11.5,16.1,0.717,8.61,36.1,14.6,5.45,4.52,10.7,15.2,,
181,Middle Tennessee,31,8,23,0.258,-8.41,0.84,4,14,5,10,3,10,70.7,25,59.7,0.419,8.23,24.6,0.334,12.5,18.6,0.67,10.7,34.9,13.1,6.81,2.94,14,20,,
182,Milwaukee,31,12,19,0.387,-7.22,-3.91,7,11,7,8,4,9,71.5,25.4,61.5,0.413,7.77,24.3,0.32,12.9,18.2,0.709,11.4,36,12.5,5.87,3.06,13.5,21.5,,
183,Minnesota,31,15,16,0.484,16.39,11.55,8,12,11,5,2,10,71.1,25.7,60.4,0.425,8.29,24.6,0.337,11.5,16.6,0.691,11.6,39.3,15,4.74,4.65,11.3,16.6,,
184,Mississippi State,31,20,11,0.645,12.21,6.96,11,7,14,2,4,7,73.4,25.9,55.3,0.468,5.19,15.5,0.336,16.5,21.8,0.754,12,37.4,13.4,5.61,5.1,13.9,17.5,,
185,Mississippi Valley State,30,3,27,0.1,-29.08,-7.68,3,15,1,8,2,19,68.3,25,67.7,0.369,8.2,27.9,0.294,10.1,15.5,0.648,10.4,35,10.4,7.27,2.9,14.4,19.5,,
186,Mississippi,32,15,17,0.469,7.37,6.9,6,12,12,5,1,10,69,24,55.6,0.432,6,18.8,0.32,14.9,20.5,0.73,9,33.8,12.9,7.16,2.84,13.1,19.4,,
187,Missouri-Kansas City,30,16,14,0.533,-6.07,-3.62,8,7,9,4,5,8,69.8,25.7,56.1,0.458,7.13,19.9,0.359,11.3,16.5,0.684,8.7,31.2,13.2,8.07,3.13,13,21.3,,
188,Missouri State,33,16,17,0.485,3.5,0.71,9,9,11,4,3,10,70.6,25.5,58.3,0.438,6.97,19.7,0.354,12.5,16.8,0.749,10.9,37.2,11.8,6.39,2.61,13.6,18.2,,
189,Missouri,31,15,16,0.484,8.51,6.54,7,11,12,4,2,10,67.1,22.6,55.1,0.41,6.61,22.3,0.297,15.4,19.7,0.78,10.9,35.2,11.4,6.74,3.19,14.1,21.2,,
190,Monmouth,31,18,13,0.581,-4.51,-5.19,12,8,11,2,6,10,71.3,24.4,59.4,0.41,7.32,21.9,0.334,15.2,21.1,0.721,9.71,34.1,12.9,8,2.77,12.8,20,,
191,Montana State,31,16,15,0.516,-5.01,-2.29,10,10,9,5,5,10,66.6,23.3,52.3,0.445,5.65,17.2,0.329,14.5,19.5,0.741,7.26,34.7,11.3,5.48,2.32,14,17.5,,
192,Montana,31,18,13,0.581,0.59,-1.52,14,6,12,3,6,10,70.8,27.1,57.3,0.473,5.61,15.7,0.358,10.9,15.1,0.723,6.29,31.3,12.5,6.29,3.26,11.9,20.3,,
193,Morehead State,32,13,19,0.406,-10.96,-6.42,7,11,11,4,2,14,69,25.8,59.4,0.434,5.75,20,0.288,11.6,18.2,0.638,10.7,37.1,13.4,5.94,4.41,12.5,16,,
194,Morgan State,31,15,16,0.484,-12.82,-9.18,9,7,8,6,7,7,70.4,24.7,58.3,0.424,5.1,18.2,0.281,15.9,22.9,0.694,13.1,39.4,11.8,5.65,4.26,16.5,22.5,,
195,Mount St. Mary's,32,11,21,0.344,-9.56,-6.47,7,11,8,6,3,15,64.2,22.3,55.4,0.403,6.53,21.2,0.308,12.9,18.7,0.693,10.8,35,11.2,4.94,3.28,11.7,16.6,,
196,Murray State,32,23,9,0.719,1.99,-6.08,15,3,15,0,6,6,75.4,26.6,55.9,0.476,6.56,17.8,0.369,15.6,22,0.709,9.56,38,14.4,5.66,3.91,13.8,17.7,,
197,Navy,30,14,16,0.467,-7.36,-5.74,8,10,10,5,4,11,63.6,22.4,54.9,0.409,6.47,21.5,0.301,12.3,17.7,0.692,11.9,36.1,11.1,5.03,1.7,12,15.9,,
198,Omaha,32,16,16,0.5,-5.09,-0.96,9,7,12,2,4,12,73.5,27.7,61.7,0.449,6.25,18.5,0.338,11.9,16.7,0.712,9.84,36.2,12.3,5.19,3.28,12.2,16.6,,
199,Nebraska,32,7,25,0.219,2.41,10.66,2,18,5,11,0,12,69.8,25.5,62.8,0.405,7.91,24.9,0.318,11,18.3,0.603,9.16,35.4,13.8,6.97,2.47,11.9,15.2,,
200,Nevada-Las Vegas,32,17,15,0.531,6.79,4.76,12,6,12,6,5,7,72.1,25.4,58.6,0.433,7.53,23.6,0.319,13.8,20,0.692,12.4,39.2,12.6,6.22,2.75,13.3,20.5,,
201,Nevada,31,19,12,0.613,8.91,4.14,12,6,12,3,4,7,77.1,27.1,60.6,0.447,9.97,26,0.383,12.9,17.1,0.753,8.77,38.3,14.9,5.13,3.52,12,19.6,,
202,New Hampshire,30,15,15,0.5,-7.6,-6.28,8,8,10,3,5,12,69,25,61.3,0.408,8.5,25.6,0.332,10.5,15.7,0.672,11.4,41.2,13.2,4.8,2.13,13,18.3,,
203,New Mexico State,31,25,6,0.806,4.11,-4.24,16,0,13,1,9,3,71.4,25,54.8,0.455,9.13,25.7,0.355,12.4,17.2,0.717,11.1,35.2,14.4,6.16,1.77,13.1,15.8,,
204,New Mexico,33,19,14,0.576,3.47,2.63,7,11,15,3,2,9,76.7,27,58,0.466,6.97,21.3,0.327,15.7,21.8,0.72,9.45,35.1,15,8.09,2.88,14.4,15.6,,
205,New Orleans,30,9,21,0.3,-14.08,-4.73,5,15,6,8,3,13,75.4,26.7,57.7,0.462,5.17,15.3,0.338,16.9,22.7,0.744,9.5,31.1,14.9,7.73,2.07,13.9,19.2,,
206,Niagara,32,12,20,0.375,-11.02,-4.33,9,11,9,3,2,17,65.7,23.9,55.8,0.429,7.59,20.4,0.372,10.2,13.6,0.752,5.94,27.6,11.9,6.94,2.22,10.6,15.9,,
207,Nicholls State,31,21,10,0.677,-3.87,-6.02,15,5,13,1,7,8,77,28.4,64,0.444,8.03,23.8,0.337,12.2,16.3,0.748,11.3,34.7,13.2,9.97,3.71,13.5,19.2,,
208,NJIT,30,9,21,0.3,-10.14,-4.83,6,10,5,7,4,14,63.5,22.9,57,0.403,5.73,19,0.302,11.9,17.4,0.681,9.13,33.1,10.6,5.67,2.97,10.9,16.9,,
209,Norfolk State,31,16,15,0.516,-7.76,-9.39,12,4,11,2,4,12,70.5,24.3,58.7,0.414,7.84,24.3,0.323,14,19.7,0.712,11.5,37.1,13.1,7.87,2.35,14.1,19.5,,
210,North Alabama,30,13,17,0.433,-9,-5.82,8,8,9,4,4,13,68.7,23.6,55.5,0.426,6.93,20.4,0.34,14.5,21.1,0.689,10,35.8,11,6.5,2.37,14.8,19.7,,
211,North Carolina-Asheville,31,15,16,0.484,-10.31,-8.31,8,10,10,5,5,10,75,27,58.8,0.459,7.84,22.6,0.346,13.2,20,0.66,8.52,30.2,10.8,8.23,2.35,11.4,19.5,,
212,North Carolina A&T,32,17,15,0.531,-9.66,-7.86,12,4,11,1,4,12,72.2,25.8,60,0.43,5.66,19.1,0.296,14.9,24.5,0.609,11.4,38.6,14.7,8.13,3.66,15.3,20.9,,
213,North Carolina Central,31,18,13,0.581,-10.04,-8.86,13,3,12,0,5,13,69.7,25.7,55.9,0.46,5.87,19.5,0.301,12.5,19.1,0.653,9.71,34.3,13.5,8.39,3,15.2,19,,
214,North Carolina-Greensboro,32,23,9,0.719,5.92,-1.48,13,5,14,4,9,4,74.1,27.5,63.5,0.433,8.72,26.8,0.326,10.5,16.6,0.631,13,36.9,12.6,9.31,4.25,11.6,18.3,,
215,North Carolina State,32,20,12,0.625,12.05,7.14,10,10,14,4,5,7,74.6,27.7,61.2,0.452,6.94,21.8,0.319,12.4,17.4,0.71,10.4,35.7,13.6,7.66,4.53,12,18.1,,
216,North Carolina-Wilmington,32,10,22,0.313,-9.31,-0.9,5,13,8,8,1,12,68.3,24.5,56.8,0.431,6.5,19.1,0.341,12.9,18.2,0.709,8.44,34,12,6.25,3,13,17.5,,
217,North Carolina,33,14,19,0.424,9.45,10.05,6,14,7,8,3,9,72.2,26.2,62.4,0.42,5.48,18,0.304,14.2,20.9,0.682,13.8,41.9,14.3,5.55,3.52,12.9,16.7,,
218,North Dakota State,33,25,8,0.758,2.19,-3.94,13,3,13,1,8,6,74.8,25.4,56.9,0.446,9.18,25.8,0.356,14.8,18.6,0.798,7.7,35.5,11.9,4.64,2.27,10,15.5,,
219,North Dakota,33,15,18,0.455,-6.24,-1.38,7,9,8,3,4,13,74.8,25.9,56.8,0.456,7.85,23.1,0.34,15.2,19.9,0.761,8.61,35.5,12.8,4.55,2.27,13.3,17.5,,
220,North Florida,33,21,12,0.636,-0.57,-3.25,13,3,13,2,7,9,78.3,26.9,59.8,0.45,11.8,31.2,0.379,12.5,16.5,0.762,9.91,34.5,15.7,4.97,3.79,11.8,16.1,,
221,North Texas,31,20,11,0.645,7.32,1.66,14,4,13,3,7,6,71.1,25.4,52.5,0.483,8.16,21.5,0.379,12.2,16.2,0.751,8.58,32.2,12.6,6.29,2.84,13.6,17.1,,
222,Northeastern,33,17,16,0.515,1.45,-3.28,9,9,7,6,7,7,71.1,25.9,54.8,0.473,8.15,22,0.371,11.1,14,0.79,7.27,30.9,13.3,7.61,1.73,11.8,16.8,,
223,Northern Arizona,30,16,14,0.533,-4.65,-2.4,10,10,9,5,6,8,70.9,25.7,57.6,0.445,7.2,20,0.36,12.4,17.7,0.701,9.5,34,13.2,6.5,2.07,11.5,16,,
224,Northern Colorado,31,22,9,0.71,5.72,-2.8,15,5,11,3,9,5,74.3,27,57.7,0.468,10.2,26.6,0.384,10.1,15.1,0.667,8.42,34,13.4,5.06,2.35,10.1,15.2,,
225,Northern Illinois,31,18,13,0.581,-1.33,-2.16,11,7,11,4,7,9,66.8,24.2,58.5,0.414,7.29,21.3,0.342,11.1,16.4,0.674,11.6,38.5,10,5.61,2.74,11.8,17.7,,
226,Northern Iowa,31,25,6,0.806,9.83,1.45,14,4,16,0,8,4,75.2,27.2,57.3,0.475,9.26,23.8,0.389,11.5,15.1,0.759,9.48,37.5,12.2,4.61,2.29,12,14.3,,
227,Northern Kentucky,32,23,9,0.719,0.28,-4.65,13,5,11,4,10,5,72.4,25.3,58.5,0.433,8.09,26.5,0.305,13.7,19.9,0.689,11.2,36.6,13.6,8.09,2.06,12.5,17.9,,
228,Northwestern State,30,15,15,0.5,-10,-7.07,11,9,9,5,5,10,75.5,26.6,60.1,0.442,7.8,21.9,0.356,14.6,19.9,0.733,11.2,38.9,12.9,5.83,4.4,16.4,19.6,,
229,Northwestern,31,8,23,0.258,5.35,10.51,3,17,5,11,2,10,64.9,24,57.6,0.416,6.1,19.5,0.312,10.9,14.9,0.731,7.74,33.7,13.7,3.97,3.26,10.5,16.7,,
230,Notre Dame,32,20,12,0.625,11.21,5.62,10,10,15,4,4,7,74.3,26.6,62.3,0.426,9.69,28.1,0.345,11.4,15.6,0.735,10.1,37.8,16.5,5.91,3.69,9.84,12.4,,
231,Oakland,33,14,19,0.424,-5.92,-3.1,8,10,8,5,4,12,67.8,23.6,55.2,0.428,6.18,20.9,0.296,14.4,20.9,0.689,10.3,36.2,13.6,5.82,3,13.7,15.9,,
232,Ohio State,31,21,10,0.677,19.37,10.24,11,9,15,2,4,7,72.1,24.3,54.5,0.446,8.42,22.6,0.373,15.1,20,0.752,9.94,36.8,13.3,5.03,3.45,12.7,17.1,,
233,Ohio,32,17,15,0.531,0.74,0.17,8,10,12,5,4,8,71.4,25.7,57.4,0.447,8.5,24.4,0.348,11.6,16.8,0.689,9.34,35.4,14.7,6.41,2.28,12.7,16.6,,
234,Oklahoma State,32,18,14,0.563,12.01,10.51,7,11,10,6,5,7,67.6,23.7,55.7,0.425,5.91,18.8,0.315,14.4,19.6,0.734,10.1,35.7,11.8,6.81,3.78,13.3,17.9,,
235,Oklahoma,31,19,12,0.613,13.48,10.64,9,9,12,3,4,8,70.2,24.5,58.3,0.42,7.23,22.7,0.318,14,18.2,0.766,8.35,36.9,11.8,6.13,4.35,11.1,13.4,,
236,Old Dominion,32,13,19,0.406,0.02,0.06,9,9,10,4,3,11,65.6,24,59.3,0.405,5.75,19.7,0.293,11.8,17.1,0.692,11.7,39.2,10.6,6.78,2.78,12.3,17,,
237,Oral Roberts,31,17,14,0.548,2.16,-1.58,9,7,13,1,3,12,80.2,29,64.6,0.448,8.16,24.5,0.334,14.1,18.8,0.749,11.7,37.9,13.1,6.35,2.55,10.3,16.8,,
238,Oregon State,31,18,13,0.581,9.7,6.15,7,11,12,4,3,8,71.2,24.7,53.8,0.46,6.1,18.8,0.325,15.7,20.9,0.751,8.48,32.5,14.7,6.19,4.87,11.5,16,,
239,Oregon,31,24,7,0.774,18.22,9.09,13,5,17,0,5,5,75.9,27.6,58.9,0.47,8.68,21.9,0.396,11.9,17,0.7,10.8,35.3,14.4,7.77,3.29,11.9,17.4,,
240,Pacific,33,23,10,0.697,3.81,0.19,11,5,15,3,7,5,69.7,25.5,56.7,0.45,5.45,16.1,0.34,13.2,19.7,0.667,10.9,36.1,11.6,5.73,3.91,12.1,19.2,,
241,Penn State,31,21,10,0.677,16.12,9.25,11,9,14,3,5,6,75.1,26.8,62.3,0.431,8.03,24.7,0.325,13.4,19.3,0.692,11.2,38.7,14.3,7.52,4.84,11.2,17.5,,
242,Pennsylvania,27,16,11,0.593,1.07,-0.36,8,6,8,3,6,7,73.7,27.4,60.2,0.456,8.89,26.8,0.331,9.96,15,0.664,8.07,36.3,14.9,5.89,3.33,12.6,14.7,,
243,Pepperdine,32,16,16,0.5,2.82,3.6,8,8,9,5,6,7,76.3,26.3,60.4,0.434,7.97,22.7,0.351,15.8,20,0.792,9.72,34.5,14.8,6.16,3.78,12.7,18.2,,
244,Pittsburgh,33,16,17,0.485,6.8,7.32,6,14,11,7,2,9,65.2,22.9,56.6,0.404,5.3,17.9,0.296,14.2,19.8,0.713,12,34.2,12.2,7.82,3.42,12.2,15.5,,
245,Portland State,32,18,14,0.563,-1.5,-2.43,12,8,11,3,6,11,78.7,29,64.7,0.448,6.5,19.6,0.332,14.3,19.8,0.719,14.1,36.6,13.5,8.66,4.13,12.8,18.3,,
246,Portland,32,9,23,0.281,-6.53,1.97,1,15,7,9,2,9,66.4,23.7,55.3,0.428,6.75,19.8,0.341,12.3,18.2,0.677,6.84,31.9,13.2,5.59,3.56,13.9,17.1,,
247,Prairie View,32,19,13,0.594,-6.26,-8.36,14,4,12,0,6,12,71.9,25.4,57.4,0.443,4.72,15.4,0.306,16.4,23.2,0.709,9.53,32.7,14.5,8.66,2.78,14.5,22,,
248,Presbyterian,32,10,22,0.313,-15.06,-6.93,7,11,7,6,3,14,67.3,24,53.3,0.45,6.16,19.1,0.322,13.2,18.5,0.713,8.72,33.5,12.3,5.88,1.72,14.4,18.6,,
249,Princeton,27,14,13,0.519,-0.75,-1.48,9,5,7,6,5,6,71.5,25.7,55.6,0.463,8.7,24.4,0.357,11.3,15.4,0.734,8.04,32.2,13.4,6.41,2.19,12.6,15.7,,
250,Providence,31,19,12,0.613,13.45,8.19,12,6,13,3,5,6,71.4,24.6,59.7,0.413,7.26,21.9,0.332,14.9,21.4,0.694,13.1,37.8,14.4,8.29,3.29,13.5,18.7,,
251,Purdue,31,16,15,0.516,16.3,10.76,9,11,11,5,4,8,68.2,25.2,60.2,0.418,7.19,21.8,0.33,10.7,15.5,0.687,12.7,36.9,13.6,6.52,3.52,11.5,17.5,,
252,Quinnipiac,30,15,15,0.5,-7.66,-6.53,10,10,9,5,5,9,69.6,23.6,56.5,0.417,10.3,29,0.357,12.1,15.9,0.762,9.23,36.4,13.6,4.57,3.73,13.7,15.2,,
253,Radford,32,21,11,0.656,-2.67,-5.71,15,3,11,4,9,6,71.9,26.3,56.7,0.464,7.84,22.1,0.355,11.5,18,0.642,10.6,36.4,13.3,5.31,2.13,10.7,17.5,,
254,Rhode Island,30,21,9,0.7,9.25,4.78,13,5,12,3,8,5,73.3,26.1,61.7,0.423,5.67,18,0.315,15.5,22.9,0.676,12,38.7,12.6,8.4,3.87,11.8,17.3,,
255,Rice,32,15,17,0.469,-3.09,-0.76,7,11,8,7,5,8,73.8,25,57.8,0.432,9.91,29.2,0.339,13.9,19.3,0.721,9.09,35.6,14.2,5.94,2.09,13.3,16.4,,
256,Richmond,31,24,7,0.774,11.31,2.76,14,4,14,2,9,3,75.3,27.3,58.6,0.466,8.03,22.2,0.362,12.6,16.3,0.776,7.55,34.6,15.5,8.13,2.52,10.9,15.5,,
257,Rider,30,18,12,0.6,-3.09,-5.49,12,8,11,1,5,11,71.7,25.2,57.5,0.438,6.13,19.1,0.321,15.3,23.5,0.651,10.9,38.3,13,6.73,2.6,14.1,17.4,,
258,Robert Morris,34,20,14,0.588,-4.73,-6.33,13,5,12,3,7,11,69.8,25.7,57.9,0.444,8.35,23,0.363,10,14.9,0.671,10.2,33.6,16.5,6.41,2,12.7,16.6,,
259,Rutgers,31,20,11,0.645,15.72,9.68,11,9,18,1,2,8,69.9,26.6,59.6,0.447,5.55,17.9,0.31,11.2,17.3,0.644,11.8,40.2,12.7,6.55,4.58,12.2,16.8,,
260,Sacramento State,30,16,14,0.533,-2.08,-2.76,8,12,10,4,4,10,63.2,22.8,55,0.415,5.03,15.6,0.322,12.5,17.3,0.719,11.2,34.8,12.6,6.9,4,12.4,17.6,,
261,Sacred Heart,33,20,13,0.606,-4.75,-7.4,12,6,9,4,10,8,73.3,25.5,59.4,0.43,7.61,23.3,0.327,14.6,19.9,0.734,13.2,41.2,13.2,4.97,4.06,13.9,15.8,,
262,Saint Francis (PA),32,22,10,0.688,-2.05,-6.5,13,5,13,2,8,8,77.7,28.1,60.1,0.467,6.38,17.7,0.36,15.1,20.1,0.75,11,36.2,11.7,7,2.69,12.2,16.7,,
263,Saint Joseph's,32,6,26,0.188,-5.54,4.93,2,16,4,10,2,12,69,23.8,60.7,0.392,8.97,30.2,0.297,12.5,17.7,0.705,10.2,35.1,12.5,4.72,2.81,12.9,17.3,,
264,Saint Louis,31,23,8,0.742,9.41,3.07,12,6,15,3,6,4,71.7,26.4,58.2,0.454,5.35,15.7,0.34,13.5,23.3,0.58,12.4,39.7,14.5,7.48,4.19,12.8,18.4,,
265,Saint Mary's (CA),34,26,8,0.765,12.27,5.24,11,5,14,3,6,3,75.3,27.1,56.6,0.479,8.12,20.5,0.396,12.9,17.1,0.754,7.65,32,11.9,6.59,2,9.88,16.5,,
266,Saint Peter's,30,18,12,0.6,-3.67,-5.9,14,6,11,3,6,9,66.3,22.5,55.5,0.405,6.17,18,0.342,15.2,21.1,0.723,12.5,37.4,10.5,7.43,4.6,16.1,21,,
267,Sam Houston State,31,18,13,0.581,-5.17,-6.5,11,9,12,3,6,10,78,28.2,62.5,0.451,7.61,22.3,0.342,14,18.8,0.741,10.2,34.2,15.8,9.26,2.94,14.3,20.7,,
268,Samford,33,10,23,0.303,-13.13,-1.13,4,14,7,8,3,14,74.2,26.1,60.5,0.432,6.64,19.9,0.333,15.3,20.6,0.744,10.7,36.6,11.8,7.03,3.33,15.5,16.2,,
269,San Diego State,32,30,2,0.938,18.38,3.93,17,1,14,1,11,0,74.8,26.6,56.9,0.468,9.09,23.9,0.38,12.5,16.2,0.771,9.28,35,14.8,6.91,2.75,10.8,16.7,,
270,San Diego,32,9,23,0.281,-3.52,4.35,2,14,6,9,3,10,65.7,23.8,57.6,0.412,6.13,19.8,0.31,12,17.9,0.673,8.91,33.2,12.1,5.81,3.34,14.5,18.2,,
271,San Francisco,34,22,12,0.647,8.56,3.84,9,7,12,5,7,6,74.9,26.6,60.3,0.442,8.82,26.4,0.334,12.8,17.7,0.72,10.6,36.3,12.1,7.03,3.12,12.1,17.6,,
272,San Jose State,31,7,24,0.226,-7.55,5.15,3,15,6,10,1,12,69.9,23.5,60.4,0.389,8.29,27.8,0.298,14.6,20.5,0.716,9.74,34.7,13,6.42,3.29,13.9,18.3,,
273,Santa Clara,33,20,13,0.606,1.95,0.63,6,10,16,5,3,7,75.7,26.6,57.5,0.462,7.55,21.3,0.354,15,20.2,0.742,7.3,34.2,15.4,6.85,3.33,13.4,20.2,,
274,Seattle,29,14,15,0.483,-3.95,-3.91,7,7,9,4,3,10,75.1,25.2,62.1,0.406,7.21,23.4,0.308,17.4,22.5,0.775,10.4,35.4,10.9,5.9,3.1,10.2,20,,
275,Seton Hall,30,21,9,0.7,16.75,9.95,13,5,11,4,8,4,74.7,26.1,58.5,0.446,7.93,23.7,0.335,14.6,20.4,0.715,10.3,37.1,14.6,7,5.8,13.3,18.6,,
276,Siena,30,20,10,0.667,-1.13,-5.66,15,5,14,0,5,10,72.2,25.7,56,0.459,6.6,18.6,0.355,14.3,20.3,0.704,10.7,36.5,13.4,5.33,3.07,13,16.5,,
277,South Alabama,31,20,11,0.645,0.08,-1.03,13,7,11,5,7,5,71.3,25.2,53.6,0.471,5.35,16.2,0.331,15.5,21.3,0.725,8.35,32.9,11.2,7.68,3.71,12.1,16.1,,
278,South Carolina State,29,11,18,0.379,-16.01,-9.27,6,10,8,5,3,12,70.2,24.3,55.8,0.436,5.03,16.7,0.302,16.6,22.2,0.748,10.4,35.3,11.3,4.55,1.83,14.4,18.7,,
279,South Carolina Upstate,33,13,20,0.394,-13.58,-6.06,7,11,9,6,4,13,69.3,24.6,57.9,0.424,6.79,21.1,0.321,13.3,19.4,0.686,9.64,33,12.6,5.91,2.42,12.4,19,,
280,South Carolina,31,18,13,0.581,10.27,6.43,10,8,12,5,6,6,73.4,26.8,61,0.44,5.61,18.1,0.31,14.1,22.5,0.628,11.9,37.4,14.4,7.74,4.32,13.1,23.3,,
281,South Dakota State,32,22,10,0.688,2.29,-4.24,13,3,16,0,6,9,77.9,28.6,58.2,0.491,7.34,21.2,0.347,13.4,19,0.707,9.44,38.3,14.3,5,3.31,13,16.7,,
282,South Dakota,32,20,12,0.625,-1.74,-3.84,10,6,13,2,5,8,79.6,27.8,56.4,0.493,7.28,18.6,0.391,16.8,22.2,0.755,6.25,32.7,13.9,4.56,2.69,10.6,17.5,,
283,South Florida,31,14,17,0.452,5.15,5.18,7,11,10,7,3,6,62.7,21.7,53.4,0.406,6.32,20.5,0.309,13,20,0.65,11.4,33.9,10.2,7.55,2.03,14.6,17.5,,
284,Southeast Missouri State,31,7,24,0.226,-14.57,-5.29,3,15,6,7,0,16,66.3,23.2,55.7,0.417,6.16,19.2,0.32,13.6,19.7,0.691,9.23,33.1,11.4,5.19,2.06,13.4,18.6,,
285,Southeastern Louisiana,31,8,23,0.258,-16.11,-5.72,5,15,6,8,2,14,69.6,25.1,60.4,0.416,6.39,21.6,0.296,12.9,19.2,0.675,10.9,32.3,12.4,8,1.9,16.6,21.1,,
286,Southern California,31,22,9,0.71,11.51,7.22,11,7,14,2,5,6,70.3,25.2,57.4,0.439,6.45,18.4,0.35,13.5,20.3,0.662,10.7,38.5,13.9,6.68,4.9,14.5,16.7,,
287,SIU Edwardsville,31,8,23,0.258,-14.16,-5.71,5,13,4,10,4,13,66.9,24.8,58.1,0.427,5.68,18.1,0.313,11.6,17,0.683,9.84,34.3,13.8,5.71,2.94,14.1,19.6,,
288,Southern Illinois,32,16,16,0.5,-0.18,0.37,10,8,12,3,3,10,62.6,21.7,50.7,0.427,7.06,20.9,0.338,12.2,16.8,0.728,6.5,29.8,11.5,6.5,2.03,12.4,14.7,,
289,Southern Methodist,30,19,11,0.633,7.97,3.5,9,9,15,2,4,9,72.9,25.7,56.9,0.451,7.87,24.3,0.323,13.7,18,0.762,11.5,36.6,15.6,5.83,3.2,13.3,16.4,,
290,Southern Mississippi,31,9,22,0.29,-6.65,2.35,5,13,8,7,1,12,66,25.3,57,0.443,5.26,17.1,0.308,10.3,14.3,0.719,9.45,35.6,14.3,5.81,2.52,15,15.8,,
291,Southern Utah,32,17,15,0.531,0.1,-2.47,9,11,9,5,6,10,72.8,26.1,57.6,0.453,6.09,18.4,0.331,14.6,20.3,0.716,9.13,37,12,6.75,4.13,13.5,19.4,,
292,Southern,32,17,15,0.531,-9.36,-9.49,13,5,11,1,5,14,69.8,25.5,57.9,0.44,5.34,17.1,0.312,13.5,19.8,0.679,10.9,34.8,13.3,6.94,2.47,13.9,21.8,,
293,St. Bonaventure,31,19,12,0.613,3.12,1.62,11,7,9,5,7,7,69.1,25.4,58.2,0.436,6.77,19.7,0.344,11.6,15.7,0.736,10.7,36.5,13.8,5.52,3.35,11.7,17.2,,
294,St. Francis (NY),31,13,18,0.419,-11.3,-7.44,7,11,9,5,4,13,69.9,25.7,61.4,0.419,6.35,21.4,0.297,12,16.5,0.73,10.6,36.3,12,6.42,4.52,12.8,18.9,,
295,St. John's (NY),32,17,15,0.531,10.71,7.68,5,13,13,6,1,8,74.6,27,66.1,0.409,6.63,20.7,0.321,13.9,19.8,0.703,12.4,38.4,14.7,10,3.97,11.2,18.8,,
296,Stanford,32,20,12,0.625,13.35,6.38,9,9,14,4,4,6,69.5,25.3,53.9,0.469,7.09,19,0.373,11.8,16.7,0.703,6.88,32.5,12.9,6.81,3.72,14.3,16.3,,
297,Stephen F. Austin,31,28,3,0.903,4.04,-6.89,19,1,16,1,12,2,80.6,28.6,58.3,0.491,5.77,15.9,0.362,17.6,25.5,0.691,13.1,37.4,15,10.5,3.26,17.7,20.9,,
298,Stetson,33,16,17,0.485,-9.63,-5.3,9,7,8,7,7,9,63.7,22.6,50.8,0.445,5.45,16.5,0.33,13,19.5,0.666,9.48,33.8,9.79,6.33,2.39,13.7,15.7,,
299,Stony Brook,33,20,13,0.606,-2.41,-4.41,10,6,10,5,8,8,69.2,23.5,57.8,0.407,8.3,24.9,0.333,13.8,19,0.725,10.6,38.3,11.2,6.7,4.61,14.5,16.5,,
300,Syracuse,32,18,14,0.563,12.32,7.26,10,10,11,7,6,5,74.3,25.4,58.3,0.436,8.09,24.5,0.33,15.4,20.8,0.74,10.5,35.8,14,7.41,4.47,11.3,16.3,,
301,Temple,31,14,17,0.452,6.59,6.17,6,12,8,7,4,8,68.3,24,59.5,0.404,6.71,20.8,0.322,13.6,19.8,0.687,9.77,37.6,13.8,7.71,3.03,12.9,17.7,,
302,Tennessee-Martin,29,9,20,0.31,-14.15,-4.3,5,13,6,6,2,12,75.7,26.9,59.2,0.455,7.52,22.3,0.337,14.3,19,0.753,10.7,32.9,12.2,5.07,2.76,12.9,16,,
303,Tennessee State,33,18,15,0.545,-6.7,-5.45,9,9,11,3,4,11,71.4,26.1,55.6,0.469,7.27,20.8,0.35,11.7,17.7,0.66,10.4,37.7,13.5,5.3,4.12,17.4,20.3,,
304,Tennessee Tech,31,9,22,0.29,-13.64,-4.67,6,12,6,8,3,12,65.6,24.3,58.9,0.413,8.29,25,0.331,8.65,12.8,0.675,10.5,34.6,13.9,6.87,3,14.9,14.8,,
305,Tennessee,31,17,14,0.548,11.18,8.3,9,9,11,6,4,7,67.1,23.1,53.4,0.432,6.03,19.3,0.313,14.9,19.9,0.749,10,34.5,14.5,6,5.61,13.6,18.2,,
306,Texas A&M-Corpus Christi,32,14,18,0.438,-10.8,-6.63,10,10,10,6,4,11,66,23.1,52.1,0.444,7.66,20.4,0.375,12.1,17.1,0.707,9.5,34.1,12.7,5.84,3.06,17.5,19.2,,
307,Texas A&M,30,16,14,0.533,4.93,6.96,10,8,11,6,5,4,63.1,21.1,52.3,0.404,6.3,21.4,0.294,14.6,21.5,0.678,10.7,34,11.1,6.43,2.87,14.1,15.4,,
308,Texas-Arlington,32,14,18,0.438,2.76,2.13,10,10,8,8,6,9,70.6,25,60.2,0.415,7.81,25.2,0.31,12.8,17.1,0.748,10.1,37,14.9,5.81,2.81,11.2,17.8,,
309,Texas Christian,32,16,16,0.5,9.86,10.09,7,11,14,5,1,9,65.4,23.7,56.2,0.422,8.56,24.3,0.352,9.47,14.9,0.637,11.2,34.9,14.6,6.88,4.88,14.2,16.4,,
310,Texas-El Paso,32,17,15,0.531,-1,-0.45,8,10,13,4,3,9,67.4,23.3,55.2,0.423,6.63,22,0.301,14.1,18.8,0.749,8.34,34.9,12.6,6.06,3.19,13.7,17.5,,
311,Texas-Rio Grande Valley,30,14,16,0.467,-7.05,-3.7,9,7,11,3,3,11,73,26,59.6,0.435,6.37,18.6,0.343,14.7,20.5,0.717,10.5,33.1,15,8.37,3.7,12.5,19.8,,
312,Texas-San Antonio,32,13,19,0.406,-3.18,0.41,7,11,10,5,3,9,76.9,27.1,64.9,0.417,9.63,27.5,0.35,13.2,17.3,0.763,11,39,12.4,5.91,2.69,12.9,20.1,,
313,Texas Southern,32,16,16,0.5,-10.37,-6.05,12,6,11,1,5,15,73,25.2,60.2,0.418,5.25,17.3,0.304,17.3,24.6,0.706,11.9,37.8,11.3,6.41,2.94,15.8,19.1,,
314,Texas State,32,21,11,0.656,5.42,-0.28,13,7,15,3,6,8,73.1,26.3,57.3,0.458,5.19,15.9,0.325,15.4,20.4,0.756,9.97,34.4,14.2,6.34,2.97,11.2,18.7,,
315,Texas Tech,31,18,13,0.581,16.83,8.41,9,9,13,4,3,7,71.9,25.1,55.6,0.452,7.23,20.4,0.355,14.5,19.2,0.754,9,33.3,15.4,7.71,4,13.6,17.6,,
316,Texas,31,19,12,0.613,10.47,9.6,9,9,11,6,6,5,64.2,23.9,55.8,0.428,8,23.9,0.334,8.42,12.3,0.685,8.97,31.8,11.6,5.52,4.32,13.5,18.3,,
317,Toledo,32,17,15,0.531,1.2,-1.47,8,10,10,6,7,9,74.6,25.1,57.6,0.435,8.84,24.2,0.366,15.6,20.9,0.746,10,37.8,14.5,5.63,3.38,12.2,16,,
318,Towson,32,19,13,0.594,0.09,-1.51,12,6,9,5,8,4,70.6,24.7,57,0.433,6.56,19.1,0.344,14.6,19,0.771,11.3,37.2,11.4,5.63,3.16,11.9,18.2,,
319,Troy,31,9,22,0.29,-9.01,-1.32,5,15,6,9,3,13,68.7,24.2,60.6,0.399,8.42,26.5,0.318,11.9,17.7,0.674,11.9,36.5,13.9,5.74,2.68,14.2,18.8,,
320,Tulane,30,12,18,0.4,0.94,3.54,4,14,7,7,3,7,68.3,23.4,57,0.411,7.67,23,0.334,13.9,19.5,0.712,8.17,30.9,11.2,8.47,2.53,11.8,15.7,,
321,Tulsa,31,21,10,0.677,7.92,3.59,13,5,15,2,6,7,67.8,23.5,53.3,0.44,5.87,18.3,0.322,15,21.2,0.708,8.65,34.5,12.6,7.55,2.26,13.5,15.1,,
322,UCLA,31,19,12,0.613,9.83,8.23,12,6,13,4,5,5,69.5,24.2,55.9,0.434,6,18.6,0.323,15,20.9,0.718,11.9,36.6,12.9,6.71,3.39,13.2,18.4,,
323,Utah State,34,26,8,0.765,13.66,4.04,12,6,15,1,4,6,76.5,26.6,57.9,0.46,7.29,21.9,0.333,15.9,20.9,0.763,10.8,40.7,16.5,6.15,3.21,12.5,15.6,,
324,Utah Valley,30,11,19,0.367,-7.47,-4.18,5,10,6,7,5,12,70.2,24.9,56.5,0.441,6.4,21.2,0.302,13.9,19.5,0.713,8.43,35.2,13.7,5.77,5.23,14.2,17.8,,
325,Utah,31,16,15,0.516,8.47,7.86,7,11,12,2,1,10,70.9,24.7,55.1,0.449,7.06,21.1,0.334,14.4,19.7,0.73,9.52,35.7,14,5.48,2.77,13.5,15.5,,
326,Valparaiso,35,19,16,0.543,1.44,1.17,9,9,11,2,4,10,72.3,26.3,59.7,0.442,8.2,24.1,0.34,11.4,16,0.714,9.4,34.2,15.2,7.69,3.31,12.7,17.2,,
327,Vanderbilt,32,11,21,0.344,3.16,6.41,3,15,10,10,1,9,71.7,23.8,55.5,0.428,8.19,24.6,0.333,16,23,0.697,9,32.3,11.4,7.06,3.25,13.1,19.2,,
328,Vermont,33,26,7,0.788,6.07,-4.84,14,2,13,3,12,3,71.5,25.5,56.8,0.448,8.09,24.7,0.327,12.5,17.4,0.718,9.48,36.7,13.8,5.88,3.36,11.2,16.2,,
329,Villanova,31,24,7,0.774,16.84,10.03,13,5,12,3,9,3,73.2,25.7,58.3,0.441,9.9,27.5,0.359,11.9,15.6,0.759,8.74,35.9,14.5,5.65,2.61,10.8,15.2,,
330,Virginia Commonwealth,31,18,13,0.581,9.66,4.08,8,10,14,4,4,7,70.7,25,57.8,0.432,7.45,21.5,0.346,13.3,19.1,0.696,9.87,33.5,13.2,8.97,4.32,12.4,18.4,,
331,VMI,33,9,24,0.273,-6.92,-2.72,3,15,5,10,2,12,72.1,25.8,60.3,0.428,10.9,30.7,0.355,9.61,13.6,0.708,10.1,35.8,16,6.73,2.52,12.7,17.9,,
332,Virginia Tech,32,16,16,0.5,8.22,6.16,7,13,12,6,3,7,68.6,24.6,58.7,0.419,9.84,28,0.352,9.53,13.4,0.711,7.5,33.9,14.6,6.03,2.97,9.91,14.8,,
333,Virginia,30,23,7,0.767,12.16,7.5,15,5,14,3,7,4,57,20.9,50.5,0.413,5.67,18.7,0.304,9.63,13.4,0.717,8.1,34.2,11.4,5.37,4.9,12.3,13.2,,
334,Wagner,29,8,21,0.276,-14.79,-5.57,5,13,5,8,3,13,68.3,24.3,59,0.413,7.03,22.2,0.317,12.6,17.4,0.726,10.8,33.9,12.9,6,2.34,13.7,20.8,,
335,Wake Forest,31,13,18,0.419,6.69,8.14,6,14,9,5,1,11,73.4,24.7,57.1,0.432,6.58,18.8,0.351,17.5,23.4,0.747,10.2,37.7,12.7,4.87,2.81,14.2,19.1,,
336,Washington State,32,16,16,0.5,5.13,4.94,6,12,11,5,2,9,69.8,24.3,61,0.398,7.41,24,0.309,13.9,18.8,0.743,10.8,36.4,11.6,6.81,2.66,12.3,17.6,,
337,Washington,32,15,17,0.469,12.41,8.25,5,13,10,7,3,7,70.6,24.3,55.1,0.441,6.88,21.2,0.325,15.1,20.9,0.722,8.81,35.3,12.5,7.38,6,15,17.3,,
338,Weber State,32,12,20,0.375,-8.32,-0.66,8,12,8,6,4,9,69.5,25.7,56.7,0.453,6.66,20.7,0.322,11.6,15.9,0.725,7.25,32,10.8,5.13,3.91,11.8,14.2,,
339,West Virginia,31,21,10,0.677,18.51,10.64,9,9,14,2,4,8,70.3,25,59.1,0.422,5,17.5,0.286,15.4,23.9,0.642,15.2,40.5,12.4,7.68,3.58,14.4,18.5,,
340,Western Carolina,31,19,12,0.613,-0.1,-1.55,10,8,10,4,8,7,78.8,27,57.7,0.468,9.74,26.4,0.369,15.1,21.3,0.71,9.74,37.6,14.5,5.32,1.81,14.4,17.2,,
341,Western Illinois,26,5,21,0.192,-14.28,-3.03,2,14,4,10,1,11,74.4,27.3,64.1,0.426,8.69,23.5,0.369,11.1,14.2,0.783,8.31,33.9,10.3,4.96,2.19,11.2,18,,
342,Western Kentucky,30,20,10,0.667,4.2,0.96,13,5,12,2,6,6,76.6,26,56.8,0.457,7.07,20.9,0.338,17.6,22.3,0.789,8.4,33.8,11.1,6.7,3.97,12.3,13.8,,
343,Western Michigan,32,13,19,0.406,-5.42,-0.25,6,12,10,5,3,12,69.4,24,56,0.428,7.13,21.1,0.337,14.3,20,0.715,8.63,35,11.1,4.75,2.28,13,17.9,,
344,Wichita State,31,23,8,0.742,13.66,5.6,11,7,17,2,5,5,71.8,24.8,61,0.407,7.87,24,0.328,14.4,20.6,0.697,12.1,39.3,14.1,7.06,3.71,12.8,18.6,,
345,William & Mary,32,21,11,0.656,-2.46,-3.1,13,5,11,2,10,7,71.5,25.7,55.3,0.464,7.47,21.6,0.346,12.7,17,0.744,8.28,36,13.6,4.31,4,12.6,15.6,,
346,Winthrop,34,24,10,0.706,1.16,-6.53,15,3,11,4,10,6,81.3,28.8,62.4,0.462,9.47,27.4,0.346,14.2,22.4,0.636,13.2,40.8,15.9,6.62,2.47,13.9,20.1,,
347,Wisconsin,31,21,10,0.677,15.95,10.95,14,6,15,1,6,6,67.2,23.5,55.4,0.425,8.68,24.6,0.352,11.4,14.9,0.764,8.1,33.9,12,4.45,3.68,9.97,15.4,,
348,Wofford,35,19,16,0.543,0.17,-1.5,8,10,10,5,6,10,72.1,26,56.3,0.462,9.6,27.1,0.354,10.5,14.8,0.712,7.77,31.3,13.3,5.66,2.6,12.1,16.9,,
349,Wright State,32,25,7,0.781,2.46,-6.21,15,3,14,2,9,3,80.6,28.7,62.8,0.456,7.72,21.4,0.361,15.6,23.2,0.673,12.1,40,13.8,6.53,3.53,12.4,16.1,,
350,Wyoming,33,9,24,0.273,-3.05,4.82,2,16,4,13,3,8,62.7,21.6,52.7,0.409,7.88,24.5,0.321,11.7,16.1,0.727,4.88,29.5,11.3,5.3,2,12.7,19,,
351,Xavier,32,19,13,0.594,12.57,9.47,8,10,12,5,5,6,70.7,26,59.8,0.436,6.47,20.8,0.312,12.1,18.4,0.658,11.9,38.8,14.4,6.28,3.56,13.9,16.7,,
352,Yale,30,23,7,0.767,6.63,-1.51,11,3,10,1,11,6,76.3,27,57.5,0.469,8.83,23.8,0.371,13.5,19,0.712,9.1,38.9,15.5,6.27,3.37,13,15,,
353,Youngstown State,33,18,15,0.545,-5.56,-4.79,10,8,13,4,5,11,72.8,26.4,62.3,0.423,7.15,23.2,0.308,12.9,18.7,0.69,13.7,39,12.5,5.7,2.58,12,17.5,,